价格区间,车型,报价(单位：万)
5万以下,瑞纳,"('4.99', '7.39')"
5万以下,艾瑞泽5,"('4.99', '8.58')"
5万以下,远景X3,"('4.99', '6.89')"
5万以下,瑞虎3X,"('4.69', '6.79')"
5万以下,五菱宏光,"('4.28', '5.88')"
5万以下,比亚迪F3,"('4.49', '5.08')"
5万以下,远景,"('4.99', '7.39')"
5万以下,悦翔,"('4.99', '6.79')"
5万以下,嘉际,暂无报价
5万以下,宝骏310W,"('4.28', '7.28')"
5万以下,宝骏310,"('3.68', '6.08')"
5万以下,五菱荣光新卡,"('4.58', '6.28')"
5万以下,东南DX3,暂无报价
5万以下,长安神骐T20,"('3.59', '6.38')"
5万以下,奔奔E-Star,"('2.98', '7.48')"
5万以下,长安星卡,"('3.49', '4.94')"
5万以下,五菱荣光小卡,"('3.56', '4.88')"
5万以下,悦纳,暂无报价
5万以下,五菱宏光S,"('4.28', '5.58')"
5万以下,五菱荣光,"('3.68', '5.38')"
5万以下,五菱之光,"('3.23', '3.66')"
5万以下,宏光MINI EV,"('2.88', '3.88')"
5万以下,BEIJING-X3,"('4.99', '9.59')"
5万以下,奔奔EV,"('4.98', '8.18')"
5万以下,五菱荣光V,"('3.98', '4.98')"
5万以下,五菱宏光V,"('4.18', '5.45')"
5万以下,风光330,"('3.69', '5.19')"
5万以下,东南A5翼舞,"('4.99', '7.89')"
5万以下,新豹T3,"('4.10', '5.18')"
5万以下,宝骏E100,"('4.98', '5.98')"
5万以下,五菱之光小卡,"('3.49', '3.79')"
5万以下,长安欧尚A600,"('4.99', '8.49')"
5万以下,海狮X30L,"('4.68', '5.88')"
5万以下,北汽威旺M30,"('4.48', '5.58')"
5万以下,科莱威CLEVER,"('4.60', '6.00')"
5万以下,小海狮X30,"('3.39', '4.68')"
5万以下,东风小康C32,"('3.89', '5.19')"
5万以下,欧诺S,"('3.99', '5.59')"
5万以下,北汽EC100,"('4.58', '4.98')"
5万以下,长安之星9,"('4.78', '5.48')"
5万以下,福瑞达K21,"('3.74', '7.03')"
5万以下,福瑞达K22,"('3.94', '7.05')"
5万以下,东风小康D51,"('4.09', '5.39')"
5万以下,昌河北斗星,"('4.39', '4.49')"
5万以下,金杯T52,"('4.88', '6.18')"
5万以下,北汽幻速H2,"('3.98', '6.68')"
5万以下,祥菱M,"('4.70', '6.15')"
5万以下,新豹2,"('4.07', '5.48')"
5万以下,睿行S50,"('4.89', '7.79')"
5万以下,东风小康C31,"('3.59', '4.89')"
5万以下,东风小康K07S,"('2.89', '3.39')"
5万以下,开瑞K60,"('4.99', '6.69')"
5万以下,景逸S50,"('4.89', '15.18')"
5万以下,长安神骐F30,"('4.76', '6.38')"
5万以下,金杯T32,"('3.69', '5.08')"
5万以下,长安跨越V3,"('3.30', '3.43')"
5万以下,金杯T30,"('3.39', '4.81')"
5万以下,新豹3,"('4.62', '5.99')"
5万以下,金杯T50,"('4.58', '5.68')"
5万以下,长安之星5,"('3.49', '3.94')"
5万以下,福田奥铃捷运,"('4.00', '14.56')"
5万以下,东风小康K05S,"('2.89', '3.59')"
5万以下,跨越王X1,"('3.96', '5.08')"
5万以下,斯派卡,"('4.99', '7.58')"
5万以下,东风小康K02,"('3.19', '3.79')"
5万以下,北汽威旺M20,"('3.68', '4.18')"
5万以下,东风小康K01,"('2.59', '3.49')"
5万以下,凌宝BOX,"('3.38', '4.58')"
5万以下,五菱之光V,"('3.38', '3.68')"
5万以下,东风小康D52,"('4.39', '5.69')"
5万以下,跨越王X3,"('4.80', '5.64')"
5万以下,伽途ix5,"('4.19', '5.89')"
5万以下,优优,"('3.45', '4.64')"
5万以下,优劲,"('3.29', '6.24')"
5万以下,长安神骐T10,"('3.99', '5.09')"
5万以下,海马爱尚EV,"('3.98', '12.38')"
5万以下,祥菱V,"('4.03', '5.64')"
5万以下,长安星卡C系,"('3.29', '4.53')"
5万以下,乐途,"('3.58', '5.98')"
5万以下,北汽幻速H2V,"('3.58', '3.98')"
5万以下,新豹MINI,"('3.21', '4.25')"
5万以下,尼欧Ⅱ,"('3.99', '10.08')"
5万以下,北汽威旺306,"('3.18', '4.68')"
5万以下,雷丁i3,"('4.98', '6.28')"
5万以下,北汽昌河M50S,"('4.08', '5.38')"
5万以下,启腾EX80,暂无报价
5万以下,长安星卡L1,"('3.99', '5.04')"
5万以下,解放T80,"('3.49', '4.04')"
5万以下,长安跨越V5,"('4.39', '5.88')"
5万以下,东风小康C36,"('4.98', '5.28')"
5万以下,风景V5,"('3.68', '5.18')"
5万以下,东风小康C52,"('4.99', '5.39')"
5万以下,成功V1,"('3.28', '4.00')"
5万以下,博骏,"('4.99', '12.99')"
5万以下,牧马人美版,暂无报价
5万以下,佳宝V77,"('3.09', '3.59')"
5万以下,福田风景,暂无报价
5-8万,捷途X90,"('7.99', '14.29')"
5-8万,长安欧尚X5,"('6.99', '10.29')"
5-8万,哈弗M6,"('6.60', '9.29')"
5-8万,捷途X70 PLUS,"('7.70', '13.90')"
5-8万,长安欧尚X7,"('7.77', '12.99')"
5-8万,逸动,"('7.29', '10.39')"
5-8万,长安CS35PLUS,"('6.99', '10.99')"
5-8万,宝骏530,"('7.08', '11.58')"
5-8万,宝骏510,"('5.08', '8.08')"
5-8万,宝骏730,"('6.08', '10.88')"
5-8万,威驰,"('7.38', '11.18')"
5-8万,帝豪,"('6.98', '9.88')"
5-8万,YARiS L 致炫,"('7.78', '10.38')"
5-8万,瑞虎5x,"('5.99', '11.09')"
5-8万,捷途X70,"('6.99', '12.29')"
5-8万,帝豪GL,"('7.78', '13.98')"
5-8万,飞度,"('7.38', '10.88')"
5-8万,远景X6,"('6.89', '9.99')"
5-8万,荣威i5,"('6.89', '11.59')"
5-8万,瑞虎7,"('7.99', '14.98')"
5-8万,宋MAX,"('7.99', '12.99')"
5-8万,瑞纳,"('4.99', '7.39')"
5-8万,艾瑞泽5,"('4.99', '8.58')"
5-8万,远景X3,"('4.99', '6.89')"
5-8万,瑞虎3X,"('4.69', '6.79')"
5-8万,欧拉黑猫,"('6.98', '8.48')"
5-8万,帝豪GS,"('7.78', '11.68')"
5-8万,缤越,"('7.58', '11.98')"
5-8万,科沃兹,"('7.99', '9.99')"
5-8万,菱智,"('5.99', '9.99')"
5-8万,缤瑞,"('7.58', '11.08')"
5-8万,五菱宏光PLUS,"('5.88', '7.98')"
5-8万,五菱宏光,"('4.28', '5.88')"
5-8万,名爵5,"('6.79', '10.49')"
5-8万,五菱宏光S3,"('5.68', '8.28')"
5-8万,新宝骏RM-5,"('7.88', '12.08')"
5-8万,风光580,"('7.99', '12.30')"
5-8万,比亚迪F3,"('4.49', '5.08')"
5-8万,远景,"('4.99', '7.39')"
5-8万,悦翔,"('4.99', '6.79')"
5-8万,艾瑞泽5 PLUS,"('6.99', '9.99')"
5-8万,捷达VA3,"('6.58', '9.28')"
5-8万,哈弗H6 Coupe,"('7.99', '11.90')"
5-8万,嘉际,暂无报价
5-8万,名爵ZS,"('7.88', '11.28')"
5-8万,启辰D60,"('6.98', '9.98')"
5-8万,传祺GS3,"('7.68', '11.38')"
5-8万,宝骏360,"('5.68', '8.08')"
5-8万,宝骏310W,"('4.28', '7.28')"
5-8万,宝骏310,"('3.68', '6.08')"
5-8万,艾瑞泽GX,"('7.59', '11.39')"
5-8万,五菱荣光新卡,"('4.58', '6.28')"
5-8万,东南DX3,暂无报价
5-8万,哈弗H2,"('7.59', '9.59')"
5-8万,奕跑,"('6.98', '8.28')"
5-8万,哈弗F5,"('7.98', '13.00')"
5-8万,昕锐,"('7.79', '9.99')"
5-8万,逸动DT,"('5.29', '8.09')"
5-8万,秦Pro,"('7.98', '11.59')"
5-8万,金杯海狮,"('6.18', '9.38')"
5-8万,长安CS15,"('5.59', '8.09')"
5-8万,风骏5,"('6.88', '11.28')"
5-8万,宋,"('6.98', '9.38')"
5-8万,瑞风M3,"('5.98', '9.48')"
5-8万,长安神骐T20,"('3.59', '6.38')"
5-8万,小蚂蚁,"('5.98', '7.88')"
5-8万,零跑T03,"('5.98', '7.58')"
5-8万,哈弗H4,"('7.39', '11.50')"
5-8万,长安睿行M80,"('5.85', '7.71')"
5-8万,奔奔E-Star,"('2.98', '7.48')"
5-8万,悦纳,暂无报价
5-8万,捷途X70S,"('7.69', '15.89')"
5-8万,长安睿行M60,"('5.19', '6.52')"
5-8万,五菱宏光S,"('4.28', '5.58')"
5-8万,瑞虎3,"('5.99', '7.99')"
5-8万,五菱荣光,"('3.68', '5.38')"
5-8万,YARiS L 致享,"('7.98', '10.58')"
5-8万,威驰FS,"('7.18', '10.78')"
5-8万,焕驰,"('6.49', '6.89')"
5-8万,欧拉白猫,"('7.18', '8.88')"
5-8万,风行T5,"('6.99', '13.59')"
5-8万,新宝骏RS-3,"('6.38', '9.88')"
5-8万,哪吒V,"('5.99', '12.08')"
5-8万,荣威RX3,"('6.98', '10.43')"
5-8万,奕炫,"('6.99', '10.09')"
5-8万,江淮iEV6E,"('5.95', '7.55')"
5-8万,BEIJING-X3,"('4.99', '9.59')"
5-8万,奔奔EV,"('4.98', '8.18')"
5-8万,昕动,"('7.79', '10.99')"
5-8万,五菱宏光V,"('4.18', '5.45')"
5-8万,福瑞迪,"('7.88', '10.28')"
5-8万,奔腾T33,"('6.98', '10.59')"
5-8万,捷途X70M,"('6.49', '9.59')"
5-8万,风行T5L,"('7.99', '17.69')"
5-8万,哪吒N01,"('6.68', '13.98')"
5-8万,风行SX6,"('5.99', '9.49')"
5-8万,长安欧尚X70A,"('5.25', '6.95')"
5-8万,长安欧尚科赛5,"('5.39', '8.29')"
5-8万,比亚迪e1,"('5.99', '7.99')"
5-8万,北汽新能源EC3,"('7.38', '7.98')"
5-8万,风光S560,"('6.59', '9.69')"
5-8万,风光330,"('3.69', '5.19')"
5-8万,中华V3,"('5.07', '8.77')"
5-8万,东南A5翼舞,"('4.99', '7.89')"
5-8万,BJ 212,"('7.77', '10.48')"
5-8万,瑞风S3,"('6.79', '8.79')"
5-8万,长安欧尚科尚,"('7.98', '16.08')"
5-8万,海马8S,"('7.99', '13.69')"
5-8万,新豹T3,"('4.10', '5.18')"
5-8万,VGV U70,"('6.99', '11.89')"
5-8万,新宝骏RC-5,"('5.98', '11.28')"
5-8万,奕炫GS,"('7.49', '10.89')"
5-8万,长安睿行M90,"('6.85', '9.25')"
5-8万,逸动XT,"('7.79', '11.19')"
5-8万,思皓A5,"('7.88', '11.58')"
5-8万,睿行M70,"('6.05', '7.40')"
5-8万,福美来,"('6.88', '9.28')"
5-8万,长安欧尚A800,"('6.59', '7.89')"
5-8万,东风小康C37,"('5.18', '6.18')"
5-8万,宝骏E100,"('4.98', '5.98')"
5-8万,瑞风S4,"('7.58', '9.88')"
5-8万,长安欧尚A600,"('4.99', '8.49')"
5-8万,海狮X30L,"('4.68', '5.88')"
5-8万,秦,"('6.49', '8.19')"
5-8万,传祺GA4,"('7.38', '11.58')"
5-8万,北汽威旺M30,"('4.48', '5.58')"
5-8万,宝骏E200,"('5.48', '6.48')"
5-8万,科莱威CLEVER,"('4.60', '6.00')"
5-8万,蒙派克E,"('7.46', '10.85')"
5-8万,SWM斯威X7,"('6.39', '10.59')"
5-8万,风光500,"('5.48', '7.48')"
5-8万,金杯快运,"('6.99', '9.63')"
5-8万,汉腾X7,"('7.88', '15.68')"
5-8万,风景G7,"('7.16', '10.66')"
5-8万,东风小康C32,"('3.89', '5.19')"
5-8万,欧诺S,"('3.99', '5.59')"
5-8万,江铃E200L,"('5.38', '6.38')"
5-8万,新宝骏E300,"('6.48', '8.48')"
5-8万,东南DX5,"('6.99', '9.99')"
5-8万,哈弗初恋,"('7.89', '11.29')"
5-8万,跨越王X5,"('5.20', '6.52')"
5-8万,汉腾X5,"('5.98', '10.68')"
5-8万,长安之星9,"('4.78', '5.48')"
5-8万,福瑞达K21,"('3.74', '7.03')"
5-8万,福瑞达K22,"('3.94', '7.05')"
5-8万,东风小康D51,"('4.09', '5.39')"
5-8万,东风风神AX4,"('7.59', '9.39')"
5-8万,欧尚长行,"('5.99', '6.49')"
5-8万,SWM斯威G05,"('6.99', '11.99')"
5-8万,拓陆者,"('7.78', '19.88')"
5-8万,金杯T52,"('4.88', '6.18')"
5-8万,北汽幻速H2,"('3.98', '6.68')"
5-8万,金杯F50,"('6.25', '10.89')"
5-8万,祥菱M,"('4.70', '6.15')"
5-8万,新豹2,"('4.07', '5.48')"
5-8万,江铃E200N,"('5.68', '6.68')"
5-8万,睿行S50,"('4.89', '7.79')"
5-8万,海狮S,"('5.08', '6.38')"
5-8万,北汽昌河A6,"('5.98', '9.98')"
5-8万,凯翼X3,"('6.39', '7.59')"
5-8万,开瑞K60,"('4.99', '6.69')"
5-8万,景逸S50,"('4.89', '15.18')"
5-8万,炫界,"('5.89', '8.49')"
5-8万,长安神骐F30,"('4.76', '6.38')"
5-8万,金杯T32,"('3.69', '5.08')"
5-8万,锐骐,"('7.78', '12.78')"
5-8万,BEIJING-U5,"('6.99', '9.99')"
5-8万,易至EV3,"('6.68', '8.38')"
5-8万,嘉悦X4,"('7.28', '9.98')"
5-8万,凯翼X5,"('7.89', '10.49')"
5-8万,雷诺 e诺,"('6.18', '7.18')"
5-8万,SWM斯威X3,"('5.50', '6.69')"
5-8万,新豹3,"('4.62', '5.99')"
5-8万,金杯T50,"('4.58', '5.68')"
5-8万,福田奥铃捷运,"('4.00', '14.56')"
5-8万,金旅海狮,"('7.08', '10.78')"
5-8万,汉腾V7,"('7.99', '13.59')"
5-8万,跨越王X1,"('3.96', '5.08')"
5-8万,骐铃T100,"('5.28', '7.18')"
5-8万,斯派卡,"('4.99', '7.58')"
5-8万,风景G5,"('7.47', '15.39')"
5-8万,北汽幻速H6,"('5.98', '7.53')"
5-8万,东风小康C56,"('5.58', '5.98')"
5-8万,枫叶30X,"('6.88', '9.58')"
5-8万,黄海N2,"('7.28', '16.58')"
5-8万,长安欧尚科赛3,"('5.99', '7.69')"
5-8万,威虎,"('6.98', '10.08')"
5-8万,黄海N1,"('6.68', '11.18')"
5-8万,东风小康D52,"('4.39', '5.69')"
5-8万,跨越王X3,"('4.80', '5.64')"
5-8万,伽途ix5,"('4.19', '5.89')"
5-8万,优劲,"('3.29', '6.24')"
5-8万,长安神骐T10,"('3.99', '5.09')"
5-8万,SWM斯威G01,"('7.99', '12.59')"
5-8万,海马爱尚EV,"('3.98', '12.38')"
5-8万,祥菱V,"('4.03', '5.64')"
5-8万,金威,"('6.75', '9.58')"
5-8万,乐途,"('3.58', '5.98')"
5-8万,尼欧Ⅱ,"('3.99', '10.08')"
5-8万,雷丁i3,"('4.98', '6.28')"
5-8万,北汽昌河M50S,"('4.08', '5.38')"
5-8万,凯锐浩克,"('7.58', '18.80')"
5-8万,启腾EX80,暂无报价
5-8万,小老虎,"('5.60', '7.58')"
5-8万,跨越者D5,"('5.93', '6.77')"
5-8万,长安星卡L1,"('3.99', '5.04')"
5-8万,骐铃T7,"('7.28', '11.38')"
5-8万,伽途ix7,"('5.39', '6.59')"
5-8万,福田征服者,"('7.78', '10.78')"
5-8万,长安跨越V5,"('4.39', '5.88')"
5-8万,东风小康C35,"('5.08', '5.38')"
5-8万,东风小康C36,"('4.98', '5.28')"
5-8万,萨普,"('5.88', '9.59')"
5-8万,陆风荣曜,"('7.99', '9.99')"
5-8万,风景V5,"('3.68', '5.18')"
5-8万,越铃,"('5.17', '7.58')"
5-8万,东风小康C52,"('4.99', '5.39')"
5-8万,博骏,"('4.99', '12.99')"
5-8万,大柴神,"('6.28', '8.98')"
5-8万,牧马人美版,暂无报价
5-8万,森雅R8,"('7.49', '8.99')"
5-8万,睿行S50T,"('6.19', '7.89')"
5-8万,福田风景,暂无报价
8-10万,哈弗H6,"('9.80', '15.49')"
8-10万,宝来,"('9.88', '15.70')"
8-10万,朗逸,"('9.99', '16.19')"
8-10万,轩逸,"('9.98', '14.30')"
8-10万,瑞虎8,"('8.88', '15.99')"
8-10万,捷途X90,"('7.99', '14.29')"
8-10万,长安欧尚X5,"('6.99', '10.29')"
8-10万,哈弗M6,"('6.60', '9.29')"
8-10万,五菱凯捷,"('8.58', '13.48')"
8-10万,明锐,"('9.99', '16.14')"
8-10万,捷途X70 PLUS,"('7.70', '13.90')"
8-10万,长安欧尚X7,"('7.77', '12.99')"
8-10万,逸动,"('7.29', '10.39')"
8-10万,传祺GS4,"('8.98', '15.18')"
8-10万,长安CS35PLUS,"('6.99', '10.99')"
8-10万,捷达VS5,"('8.48', '11.28')"
8-10万,宝骏530,"('7.08', '11.58')"
8-10万,宝骏510,"('5.08', '8.08')"
8-10万,博越,"('8.88', '14.68')"
8-10万,桑塔纳,"('8.69', '11.59')"
8-10万,科鲁泽,"('8.99', '12.29')"
8-10万,宝骏730,"('6.08', '10.88')"
8-10万,长安CS55PLUS,"('9.19', '11.69')"
8-10万,威驰,"('7.38', '11.18')"
8-10万,帝豪,"('6.98', '9.88')"
8-10万,YARiS L 致炫,"('7.78', '10.38')"
8-10万,Polo,"('9.99', '12.39')"
8-10万,柯米克,"('8.99', '12.59')"
8-10万,瑞虎5x,"('5.99', '11.09')"
8-10万,捷途X70,"('6.99', '12.29')"
8-10万,宋Pro,"('8.98', '12.99')"
8-10万,名爵6,"('9.38', '14.28')"
8-10万,帝豪GL,"('7.78', '13.98')"
8-10万,飞度,"('7.38', '10.88')"
8-10万,远景X6,"('6.89', '9.99')"
8-10万,荣威RX5,"('9.98', '13.98')"
8-10万,荣威i5,"('6.89', '11.59')"
8-10万,凯越,"('8.39', '9.99')"
8-10万,骐达TIIDA,"('9.99', '13.59')"
8-10万,瑞虎7,"('7.99', '14.98')"
8-10万,长安CS55,"('8.29', '13.39')"
8-10万,锐程CC,"('9.49', '12.89')"
8-10万,宋MAX,"('7.99', '12.99')"
8-10万,艾瑞泽5,"('4.99', '8.58')"
8-10万,凌派,"('9.98', '16.98')"
8-10万,悦动,"('8.49', '11.59')"
8-10万,欧拉黑猫,"('6.98', '8.48')"
8-10万,帝豪GS,"('7.78', '11.68')"
8-10万,东风风神AX7,"('8.98', '14.39')"
8-10万,奔腾T77,"('8.98', '13.88')"
8-10万,缤越,"('7.58', '11.98')"
8-10万,科沃兹,"('7.99', '9.99')"
8-10万,起亚K3,"('9.88', '13.18')"
8-10万,菱智,"('5.99', '9.99')"
8-10万,缤瑞,"('7.58', '11.08')"
8-10万,炮,"('9.78', '20.78')"
8-10万,名爵5,"('6.79', '10.49')"
8-10万,捷途X95,"('9.99', '15.29')"
8-10万,五菱宏光S3,"('5.68', '8.28')"
8-10万,新宝骏RM-5,"('7.88', '12.08')"
8-10万,风光580,"('7.99', '12.30')"
8-10万,风骏7,"('8.68', '13.88')"
8-10万,艾瑞泽5 PLUS,"('6.99', '9.99')"
8-10万,比亚迪e2,"('8.98', '14.48')"
8-10万,伊兰特,"('9.98', '14.18')"
8-10万,长安欧尚科赛Pro,"('8.59', '15.29')"
8-10万,吉利icon,"('9.98', '12.88')"
8-10万,劲客,"('9.98', '13.88')"
8-10万,捷达VA3,"('6.58', '9.28')"
8-10万,哈弗H6 Coupe,"('7.99', '11.90')"
8-10万,嘉际,暂无报价
8-10万,名爵ZS,"('7.88', '11.28')"
8-10万,启辰D60,"('6.98', '9.98')"
8-10万,传祺GS3,"('7.68', '11.38')"
8-10万,宝骏360,"('5.68', '8.08')"
8-10万,上汽大通MAXUS ,"('8.68', '16.70')"
8-10万,享域,"('9.98', '16.69')"
8-10万,图雅诺,"('9.57', '22.98')"
8-10万,福睿斯,"('8.08', '11.68')"
8-10万,艾瑞泽GX,"('7.59', '11.39')"
8-10万,东南DX3,暂无报价
8-10万,哈弗H2,"('7.59', '9.59')"
8-10万,奕跑,"('6.98', '8.28')"
8-10万,哈弗F5,"('7.98', '13.00')"
8-10万,昕锐,"('7.79', '9.99')"
8-10万,逸动DT,"('5.29', '8.09')"
8-10万,秦Pro,"('7.98', '11.59')"
8-10万,金杯海狮,"('6.18', '9.38')"
8-10万,嘉悦A5,"('8.48', '11.58')"
8-10万,创酷,"('9.99', '13.99')"
8-10万,长安CS15,"('5.59', '8.09')"
8-10万,风骏5,"('6.88', '11.28')"
8-10万,宋,"('6.98', '9.38')"
8-10万,瑞风M3,"('5.98', '9.48')"
8-10万,哈弗H4,"('7.39', '11.50')"
8-10万,观致3,"('9.89', '15.39')"
8-10万,悦纳,暂无报价
8-10万,捷途X70S,"('7.69', '15.89')"
8-10万,瑞风M4,"('9.98', '15.98')"
8-10万,上汽MAXUS T6,"('8.98', '21.38')"
8-10万,新宝骏RS-5,"('9.78', '13.58')"
8-10万,YARiS L 致享,"('7.98', '10.58')"
8-10万,威驰FS,"('7.18', '10.78')"
8-10万,欧拉白猫,"('7.18', '8.88')"
8-10万,风行T5,"('6.99', '13.59')"
8-10万,新宝骏RS-3,"('6.38', '9.88')"
8-10万,蓝鸟,"('9.59', '13.39')"
8-10万,哪吒V,"('5.99', '12.08')"
8-10万,荣威RX3,"('6.98', '10.43')"
8-10万,元新能源,"('8.99', '13.99')"
8-10万,奕炫,"('6.99', '10.09')"
8-10万,BEIJING-X3,"('4.99', '9.59')"
8-10万,奔奔EV,"('4.98', '8.18')"
8-10万,荣威i6,"('8.98', '13.98')"
8-10万,昕动,"('7.79', '10.99')"
8-10万,劲炫ASX,"('9.98', '13.98')"
8-10万,启辰T60,"('8.68', '11.88')"
8-10万,锐骐6,"('8.98', '17.98')"
8-10万,MG领航,"('9.98', '15.98')"
8-10万,福瑞迪,"('7.88', '10.28')"
8-10万,雪铁龙C3-XR,"('9.48', '11.89')"
8-10万,奔腾T33,"('6.98', '10.59')"
8-10万,捷途X70M,"('6.49', '9.59')"
8-10万,风行T5L,"('7.99', '17.69')"
8-10万,哪吒N01,"('6.68', '13.98')"
8-10万,风行SX6,"('5.99', '9.49')"
8-10万,东南DX7,"('8.99', '13.99')"
8-10万,特顺,"('9.58', '13.90')"
8-10万,长安欧尚科赛5,"('5.39', '8.29')"
8-10万,风光S560,"('6.59', '9.69')"
8-10万,中华V3,"('5.07', '8.77')"
8-10万,BJ 212,"('7.77', '10.48')"
8-10万,瑞风S3,"('6.79', '8.79')"
8-10万,上汽大通MAXUS ,"('8.98', '20.48')"
8-10万,长安欧尚科尚,"('7.98', '16.08')"
8-10万,海马8S,"('7.99', '13.69')"
8-10万,BEIJING-U7,"('8.79', '12.29')"
8-10万,风骏6,"('8.68', '11.78')"
8-10万,阁瑞斯,"('8.88', '27.78')"
8-10万,VGV U70,"('6.99', '11.89')"
8-10万,启辰T70,"('8.98', '12.78')"
8-10万,新宝骏RC-6,"('8.48', '12.38')"
8-10万,新宝骏RC-5,"('5.98', '11.28')"
8-10万,捷途X70 Coup,"('9.29', '12.99')"
8-10万,奕炫GS,"('7.49', '10.89')"
8-10万,长安睿行M90,"('6.85', '9.25')"
8-10万,逸动XT,"('7.79', '11.19')"
8-10万,思皓A5,"('7.88', '11.58')"
8-10万,瑞迈,"('8.38', '13.58')"
8-10万,福美来,"('6.88', '9.28')"
8-10万,北汽新能源EC5,"('9.99', '11.99')"
8-10万,思皓X8,"('8.88', '13.58')"
8-10万,瑞风S4,"('7.58', '9.88')"
8-10万,长安欧尚A600,"('4.99', '8.49')"
8-10万,瑞风,"('9.99', '16.38')"
8-10万,宝典,"('8.28', '10.93')"
8-10万,风光ix5,"('9.98', '13.98')"
8-10万,秦,"('6.49', '8.19')"
8-10万,传祺GA4,"('7.38', '11.58')"
8-10万,江淮T8,"('8.88', '16.28')"
8-10万,蒙派克E,"('7.46', '10.85')"
8-10万,SWM斯威X7,"('6.39', '10.59')"
8-10万,金杯快运,"('6.99', '9.63')"
8-10万,江淮iEV7S,"('9.35', '10.95')"
8-10万,域虎5,"('9.68', '13.63')"
8-10万,汉腾X7,"('7.88', '15.68')"
8-10万,风景G7,"('7.16', '10.66')"
8-10万,江淮T6,"('8.68', '13.48')"
8-10万,勇士,"('9.98', '16.17')"
8-10万,新宝骏E300,"('6.48', '8.48')"
8-10万,东南DX5,"('6.99', '9.99')"
8-10万,哈弗初恋,"('7.89', '11.29')"
8-10万,汉腾X5,"('5.98', '10.68')"
8-10万,LIFE,"('9.78', '11.28')"
8-10万,长安凯程F70,"('9.28', '14.18')"
8-10万,嘉悦X7,"('8.98', '13.98')"
8-10万,东风风神AX4,"('7.59', '9.39')"
8-10万,菱智PLUS,"('9.99', '13.19')"
8-10万,风光580Pro,"('9.29', '12.09')"
8-10万,SWM斯威G05,"('6.99', '11.99')"
8-10万,拓陆者,"('7.78', '19.88')"
8-10万,风景G9,"('9.98', '19.00')"
8-10万,金杯F50,"('6.25', '10.89')"
8-10万,瑞虎3xe,"('9.38', '10.68')"
8-10万,北汽昌河A6,"('5.98', '9.98')"
8-10万,景逸S50,"('4.89', '15.18')"
8-10万,炫界,"('5.89', '8.49')"
8-10万,域虎3,"('8.98', '12.22')"
8-10万,金杯大海狮,"('9.48', '25.28')"
8-10万,领主,"('8.48', '19.88')"
8-10万,锐骐,"('7.78', '12.78')"
8-10万,BEIJING-U5,"('6.99', '9.99')"
8-10万,战旗,"('8.06', '9.94')"
8-10万,易至EV3,"('6.68', '8.38')"
8-10万,嘉悦X4,"('7.28', '9.98')"
8-10万,凯翼X5,"('7.89', '10.49')"
8-10万,五菱荣光EV,"('8.38', '9.01')"
8-10万,长安CS15EV,"('8.98', '9.88')"
8-10万,福田奥铃捷运,"('4.00', '14.56')"
8-10万,金旅海狮,"('7.08', '10.78')"
8-10万,汉腾V7,"('7.99', '13.59')"
8-10万,风景G5,"('7.47', '15.39')"
8-10万,大乘G60S,"('8.49', '12.19')"
8-10万,上汽大通MAXUS ,"('9.38', '19.00')"
8-10万,枫叶30X,"('6.88', '9.58')"
8-10万,黄海N2,"('7.28', '16.58')"
8-10万,勇士皮卡,"('9.01', '11.56')"
8-10万,威虎,"('6.98', '10.08')"
8-10万,雪铁龙C3L,"('8.49', '10.59')"
8-10万,宝沃BX3,"('9.68', '13.08')"
8-10万,黄海N1,"('6.68', '11.18')"
8-10万,东风小康EC36,"('8.29', '10.79')"
8-10万,SWM斯威G01,"('7.99', '12.59')"
8-10万,海马爱尚EV,"('3.98', '12.38')"
8-10万,金威,"('6.75', '9.58')"
8-10万,优优EV,"('8.98', '12.28')"
8-10万,尼欧Ⅱ,"('3.99', '10.08')"
8-10万,江淮iEV7,"('8.35', '8.95')"
8-10万,TAGA达咖,"('9.98', '13.48')"
8-10万,凯锐浩克,"('7.58', '18.80')"
8-10万,御风P16,"('8.48', '15.18')"
8-10万,骐铃T7,"('7.28', '11.38')"
8-10万,福田征服者,"('7.78', '10.78')"
8-10万,萨普,"('5.88', '9.59')"
8-10万,猎豹CT7,"('8.28', '12.08')"
8-10万,陆风荣曜,"('7.99', '9.99')"
8-10万,博骏,"('4.99', '12.99')"
8-10万,大柴神,"('6.28', '8.98')"
8-10万,牧马人美版,暂无报价
8-10万,森雅R8,"('7.49', '8.99')"
8-10万,福田风景,暂无报价
10-15万,高尔夫,"('12.98', '18.02')"
10-15万,英朗,"('11.99', '12.59')"
10-15万,哈弗H6,"('9.80', '15.49')"
10-15万,宝来,"('9.88', '15.70')"
10-15万,朗逸,"('9.99', '16.19')"
10-15万,速腾,"('12.89', '19.29')"
10-15万,轩逸,"('9.98', '14.30')"
10-15万,星瑞,"('11.37', '14.97')"
10-15万,瑞虎8,"('8.88', '15.99')"
10-15万,长安CS75 PLU,"('10.69', '15.49')"
10-15万,思域,"('11.99', '16.99')"
10-15万,捷途X90,"('7.99', '14.29')"
10-15万,福克斯,"('10.88', '15.38')"
10-15万,长安欧尚X5,"('6.99', '10.29')"
10-15万,卡罗拉,"('10.98', '15.98')"
10-15万,五菱凯捷,"('8.58', '13.48')"
10-15万,明锐,"('9.99', '16.14')"
10-15万,T-ROC探歌,"('13.58', '20.49')"
10-15万,捷途X70 PLUS,"('7.70', '13.90')"
10-15万,雷凌,"('11.38', '15.28')"
10-15万,长安欧尚X7,"('7.77', '12.99')"
10-15万,逸动,"('7.29', '10.39')"
10-15万,探影,"('11.49', '16.09')"
10-15万,传祺GS4,"('8.98', '15.18')"
10-15万,领克06,"('11.86', '14.56')"
10-15万,领克03,"('11.38', '24.88')"
10-15万,北京现代ix35,"('11.99', '16.19')"
10-15万,长安CS35PLUS,"('6.99', '10.99')"
10-15万,昂科拉,"('12.59', '15.59')"
10-15万,捷达VS5,"('8.48', '11.28')"
10-15万,宝骏530,"('7.08', '11.58')"
10-15万,长安UNI-T,"('11.39', '13.39')"
10-15万,传祺M6,"('10.98', '15.98')"
10-15万,博越,"('8.88', '14.68')"
10-15万,桑塔纳,"('8.69', '11.59')"
10-15万,哈弗大狗,"('11.99', '15.59')"
10-15万,科鲁泽,"('8.99', '12.29')"
10-15万,宝骏730,"('6.08', '10.88')"
10-15万,长安CS55PLUS,"('9.19', '11.69')"
10-15万,哈弗F7,"('11.18', '15.18')"
10-15万,别克GL6,"('13.99', '16.99')"
10-15万,威驰,"('7.38', '11.18')"
10-15万,缤智,"('12.78', '17.68')"
10-15万,途铠,"('11.49', '15.99')"
10-15万,YARiS L 致炫,"('7.78', '10.38')"
10-15万,Polo,"('9.99', '12.39')"
10-15万,马自达3 昂克赛拉,"('11.59', '18.99')"
10-15万,本田XR-V,"('12.79', '17.59')"
10-15万,柯米克,"('8.99', '12.59')"
10-15万,瑞虎5x,"('5.99', '11.09')"
10-15万,长安CS75,"('10.39', '11.99')"
10-15万,捷途X70,"('6.99', '12.29')"
10-15万,宋Pro,"('8.98', '12.99')"
10-15万,名爵6,"('9.38', '14.28')"
10-15万,帝豪GL,"('7.78', '13.98')"
10-15万,飞度,"('7.38', '10.88')"
10-15万,捷达VS7,"('10.68', '13.68')"
10-15万,瑞虎8 PLUS,"('12.49', '15.99')"
10-15万,荣威RX5,"('9.98', '13.98')"
10-15万,领克02,"('11.98', '18.88')"
10-15万,荣威i5,"('6.89', '11.59')"
10-15万,骐达TIIDA,"('9.99', '13.59')"
10-15万,瑞虎7,"('7.99', '14.98')"
10-15万,全顺,"('12.64', '19.80')"
10-15万,红旗H5,"('14.58', '19.08')"
10-15万,长安CS55,"('8.29', '13.39')"
10-15万,宋PLUS,"('11.58', '14.38')"
10-15万,智跑,"('11.99', '14.89')"
10-15万,豪越,"('10.36', '14.26')"
10-15万,锐程CC,"('9.49', '12.89')"
10-15万,宋MAX,"('7.99', '12.99')"
10-15万,WEY VV6,"('14.80', '17.50')"
10-15万,马自达CX-4,"('14.88', '21.58')"
10-15万,博瑞,"('13.68', '17.98')"
10-15万,凌派,"('9.98', '16.98')"
10-15万,菲斯塔,"('11.98', '15.48')"
10-15万,悦动,"('8.49', '11.59')"
10-15万,依维柯欧胜,"('13.59', '32.59')"
10-15万,帝豪GS,"('7.78', '11.68')"
10-15万,丰田C-HR,"('14.18', '18.08')"
10-15万,东风风神AX7,"('8.98', '14.39')"
10-15万,凌渡,"('14.29', '19.69')"
10-15万,WEY VV5,"('12.58', '14.78')"
10-15万,上汽大通MAXUS ,"('13.98', '22.98')"
10-15万,奔腾T77,"('8.98', '13.88')"
10-15万,缤越,"('7.58', '11.98')"
10-15万,天逸 C5 AIRC,"('14.97', '23.87')"
10-15万,起亚K3,"('9.88', '13.18')"
10-15万,缤瑞,"('7.58', '11.08')"
10-15万,炮,"('9.78', '20.78')"
10-15万,名爵5,"('6.79', '10.49')"
10-15万,柯珞克,"('12.99', '15.99')"
10-15万,捷途X95,"('9.99', '15.29')"
10-15万,奕泽IZOA,"('14.58', '17.68')"
10-15万,新宝骏RM-5,"('7.88', '12.08')"
10-15万,风光580,"('7.99', '12.30')"
10-15万,马自达CX-30,"('12.99', '19.99')"
10-15万,奔腾T99,"('14.99', '18.99')"
10-15万,上汽大通MAXUS ,"('10.28', '24.56')"
10-15万,指南者,"('13.98', '22.98')"
10-15万,沃兰多,"('11.49', '15.99')"
10-15万,名图,"('13.38', '16.98')"
10-15万,风骏7,"('8.68', '13.88')"
10-15万,上汽大通MAXUS ,"('14.78', '24.96')"
10-15万,领动,"('10.98', '14.68')"
10-15万,比亚迪e2,"('8.98', '14.48')"
10-15万,伊兰特,"('9.98', '14.18')"
10-15万,荣威RX5 MAX,"('11.88', '18.98')"
10-15万,长安欧尚科赛Pro,"('8.59', '15.29')"
10-15万,吉利icon,"('9.98', '12.88')"
10-15万,劲客,"('9.98', '13.88')"
10-15万,哈弗H6 Coupe,"('7.99', '11.90')"
10-15万,嘉际,暂无报价
10-15万,名爵ZS,"('7.88', '11.28')"
10-15万,传祺GS3,"('7.68', '11.38')"
10-15万,KX3傲跑,"('10.88', '12.58')"
10-15万,上汽大通MAXUS ,"('8.68', '16.70')"
10-15万,星越,"('13.58', '19.58')"
10-15万,标致408,"('11.77', '16.97')"
10-15万,北京现代ix25,"('10.58', '13.68')"
10-15万,享域,"('9.98', '16.69')"
10-15万,图雅诺,"('9.57', '22.98')"
10-15万,小鹏汽车G3,"('14.68', '19.98')"
10-15万,福睿斯,"('8.08', '11.68')"
10-15万,高尔夫·嘉旅,"('12.88', '19.28')"
10-15万,艾瑞泽GX,"('7.59', '11.39')"
10-15万,东南DX3,暂无报价
10-15万,哈弗H7,"('14.20', '18.00')"
10-15万,哈弗F5,"('7.98', '13.00')"
10-15万,秦Pro,"('7.98', '11.59')"
10-15万,嘉悦A5,"('8.48', '11.58')"
10-15万,创酷,"('9.99', '13.99')"
10-15万,风骏5,"('6.88', '11.28')"
10-15万,秦Pro新能源,"('13.69', '20.69')"
10-15万,哈弗F7x,"('11.99', '15.49')"
10-15万,唐,"('12.99', '16.99')"
10-15万,领界,"('10.98', '16.48')"
10-15万,哈弗H4,"('7.39', '11.50')"
10-15万,星途LX,"('10.99', '15.09')"
10-15万,驭胜S350,"('12.18', '20.18')"
10-15万,观致3,"('9.89', '15.39')"
10-15万,捷途X70S,"('7.69', '15.89')"
10-15万,依维柯得意,"('11.84', '17.00')"
10-15万,星途TX,"('13.59', '14.79')"
10-15万,瑞风M4,"('9.98', '15.98')"
10-15万,BEIJING-X7,"('10.49', '14.69')"
10-15万,星途TXL,"('13.59', '17.59')"
10-15万,启辰星,"('10.96', '14.96')"
10-15万,上汽MAXUS T6,"('8.98', '21.38')"
10-15万,新宝骏RS-5,"('9.78', '13.58')"
10-15万,YARiS L 致享,"('7.98', '10.58')"
10-15万,Aion S,"('13.98', '20.58')"
10-15万,威驰FS,"('7.18', '10.78')"
10-15万,风行T5,"('6.99', '13.59')"
10-15万,中华V7,"('10.87', '15.99')"
10-15万,奕歌,"('12.98', '18.58')"
10-15万,传祺GA6,"('10.88', '16.88')"
10-15万,蓝鸟,"('9.59', '13.39')"
10-15万,宋MAX新能源,"('14.99', '19.98')"
10-15万,哪吒V,"('5.99', '12.08')"
10-15万,荣威RX3,"('6.98', '10.43')"
10-15万,元新能源,"('8.99', '13.99')"
10-15万,C-TREK蔚领,"('11.39', '15.89')"
10-15万,传祺GS5,"('10.98', '16.98')"
10-15万,奕炫,"('6.99', '10.09')"
10-15万,观致5,"('13.88', '16.38')"
10-15万,自由侠,"('12.98', '19.08')"
10-15万,荣威i6,"('8.98', '13.98')"
10-15万,昕动,"('7.79', '10.99')"
10-15万,劲炫ASX,"('9.98', '13.98')"
10-15万,名爵HS,"('10.98', '16.98')"
10-15万,长安CS85 COU,"('11.99', '16.99')"
10-15万,启辰T60,"('8.68', '11.88')"
10-15万,锐骐6,"('8.98', '17.98')"
10-15万,MG领航,"('9.98', '15.98')"
10-15万,阅朗,"('13.19', '14.69')"
10-15万,福瑞迪,"('7.88', '10.28')"
10-15万,雪铁龙C3-XR,"('9.48', '11.89')"
10-15万,奔腾T33,"('6.98', '10.59')"
10-15万,荣威Ei5,"('12.88', '16.11')"
10-15万,纳瓦拉,"('13.98', '19.98')"
10-15万,风行T5L,"('7.99', '17.69')"
10-15万,哪吒N01,"('6.68', '13.98')"
10-15万,D-MAX,"('14.48', '22.48')"
10-15万,东南DX7,"('8.99', '13.99')"
10-15万,域虎7,"('10.78', '17.63')"
10-15万,欧拉好猫,"('10.39', '14.39')"
10-15万,特顺,"('9.58', '13.90')"
10-15万,荣威i6 MAX,"('10.98', '12.58')"
10-15万,秦新能源,"('12.99', '20.99')"
10-15万,帝豪GSe,"('10.99', '15.99')"
10-15万,观致7,"('10.98', '15.98')"
10-15万,BJ 212,"('7.77', '10.48')"
10-15万,上汽大通MAXUS ,"('8.98', '20.48')"
10-15万,长安欧尚科尚,"('7.98', '16.08')"
10-15万,宝沃BX5,"('12.98', '15.58')"
10-15万,海马8S,"('7.99', '13.69')"
10-15万,BEIJING-U7,"('8.79', '12.29')"
10-15万,风骏6,"('8.68', '11.78')"
10-15万,阁瑞斯,"('8.88', '27.78')"
10-15万,域虎9,"('13.48', '21.18')"
10-15万,VGV U70,"('6.99', '11.89')"
10-15万,风行T5 EVO,"('10.39', '13.69')"
10-15万,启辰T70,"('8.98', '12.78')"
10-15万,新宝骏RC-6,"('8.48', '12.38')"
10-15万,新宝骏RC-5,"('5.98', '11.28')"
10-15万,威马EX5,"('14.68', '19.88')"
10-15万,捷途X70 Coup,"('9.29', '12.99')"
10-15万,创界,"('13.99', '17.99')"
10-15万,奕炫GS,"('7.49', '10.89')"
10-15万,逸动XT,"('7.79', '11.19')"
10-15万,思皓A5,"('7.88', '11.58')"
10-15万,几何C,"('12.98', '18.28')"
10-15万,标致2008,"('10.99', '14.99')"
10-15万,风光ix7,"('12.59', '21.59')"
10-15万,启辰T90,"('11.88', '15.48')"
10-15万,瑞迈,"('8.38', '13.58')"
10-15万,北汽新能源EC5,"('9.99', '11.99')"
10-15万,瑞风M5,"('13.95', '16.65')"
10-15万,思皓X8,"('8.88', '13.58')"
10-15万,BEIJING-EX,"('11.99', '16.39')"
10-15万,瑞风S7,"('10.98', '13.98')"
10-15万,瑞风,"('9.99', '16.38')"
10-15万,宝典,"('8.28', '10.93')"
10-15万,拓陆者驭途,"('10.48', '19.58')"
10-15万,风光ix5,"('9.98', '13.98')"
10-15万,BEIJING-EU,"('12.99', '17.19')"
10-15万,传祺GA4,"('7.38', '11.58')"
10-15万,江淮T8,"('8.88', '16.28')"
10-15万,蒙派克E,"('7.46', '10.85')"
10-15万,SWM斯威X7,"('6.39', '10.59')"
10-15万,云逸 C4 AIRC,"('10.68', '15.68')"
10-15万,黄海N3,"('10.58', '19.68')"
10-15万,江淮iEV7S,"('9.35', '10.95')"
10-15万,星锐,"('10.97', '21.78')"
10-15万,比亚迪e3,"('10.38', '16.48')"
10-15万,思皓E20X,"('12.80', '13.80')"
10-15万,域虎5,"('9.68', '13.63')"
10-15万,汉腾X7,"('7.88', '15.68')"
10-15万,风景G7,"('7.16', '10.66')"
10-15万,江淮T6,"('8.68', '13.48')"
10-15万,勇士,"('9.98', '16.17')"
10-15万,瑞虎e,"('10.88', '14.39')"
10-15万,荣威i6新能源,"('14.78', '20.18')"
10-15万,哈弗初恋,"('7.89', '11.29')"
10-15万,福克斯Active,"('13.98', '15.38')"
10-15万,奇瑞蚂蚁,"('14.98', '18.98')"
10-15万,朗逸纯电,"('14.89', '14.89')"
10-15万,风行M7,"('12.69', '22.99')"
10-15万,汉腾X5,"('5.98', '10.68')"
10-15万,哪吒U,"('13.98', '19.98')"
10-15万,LIFE,"('9.78', '11.28')"
10-15万,长安凯程F70,"('9.28', '14.18')"
10-15万,欧拉iQ,"('11.48', '15.03')"
10-15万,帝豪新能源,"('13.58', '15.98')"
10-15万,嘉悦X7,"('8.98', '13.98')"
10-15万,高尔夫·纯电,"('14.77', '16.88')"
10-15万,菱智PLUS,"('9.99', '13.19')"
10-15万,风光580Pro,"('9.29', '12.09')"
10-15万,SWM斯威G05,"('6.99', '11.99')"
10-15万,拓陆者,"('7.78', '19.88')"
10-15万,御风,"('10.38', '28.58')"
10-15万,风景G9,"('9.98', '19.00')"
10-15万,吉姆尼(进口),"('14.18', '16.08')"
10-15万,金杯F50,"('6.25', '10.89')"
10-15万,秦PLUS,"('10.58', '14.58')"
10-15万,凯绅,"('13.03', '14.98')"
10-15万,瑞虎3xe,"('9.38', '10.68')"
10-15万,铃拓,"('11.18', '15.48')"
10-15万,几何A,"('15.00', '19.00')"
10-15万,景逸S50,"('4.89', '15.18')"
10-15万,五菱EV50,"('10.80', '11.98')"
10-15万,长安新能源E-Pro,"('10.69', '12.69')"
10-15万,域虎3,"('8.98', '12.22')"
10-15万,金杯大海狮,"('9.48', '25.28')"
10-15万,逸动新能源,"('12.99', '13.99')"
10-15万,名爵6新能源,"('14.58', '17.58')"
10-15万,ENCINO 昂希诺,"('12.99', '15.59')"
10-15万,瑞驰新能源EC35,"('10.28', '10.28')"
10-15万,领主,"('8.48', '19.88')"
10-15万,锐骐,"('7.78', '12.78')"
10-15万,依维柯褒迪,"('14.39', '32.49')"
10-15万,凯翼X5,"('7.89', '10.49')"
10-15万,名爵EZS纯电动,"('11.98', '14.98')"
10-15万,北京F40,"('14.98', '16.99')"
10-15万,捷途X70S EV,"('14.98', '16.98')"
10-15万,LITE,"('11.08', '12.68')"
10-15万,福田奥铃捷运,"('4.00', '14.56')"
10-15万,金旅海狮,"('7.08', '10.78')"
10-15万,宝来·纯电,"('13.68', '14.68')"
10-15万,黄海N7,"('10.68', '13.78')"
10-15万,汉腾V7,"('7.99', '13.59')"
10-15万,零跑S01,"('11.99', '15.09')"
10-15万,风景G5,"('7.47', '15.39')"
10-15万,大乘G60S,"('8.49', '12.19')"
10-15万,东风风神E70,"('13.58', '15.98')"
10-15万,睿行EM80,"('13.58', '13.98')"
10-15万,上汽大通MAXUS ,"('9.38', '19.00')"
10-15万,海马7X,"('12.58', '14.98')"
10-15万,江淮iEVS4,"('13.95', '15.95')"
10-15万,黄海N2,"('7.28', '16.58')"
10-15万,九龙A4,"('12.18', '17.88')"
10-15万,缤越新能源,"('12.58', '14.98')"
10-15万,勇士皮卡,"('9.01', '11.56')"
10-15万,艾瑞泽e,"('10.98', '15.48')"
10-15万,威虎,"('6.98', '10.08')"
10-15万,雪铁龙C3L,"('8.49', '10.59')"
10-15万,宝沃BX3,"('9.68', '13.08')"
10-15万,江淮iEVA50,"('13.95', '14.55')"
10-15万,逸动ET,"('13.29', '14.29')"
10-15万,黄海N1,"('6.68', '11.18')"
10-15万,北汽EV5,"('10.38', '11.38')"
10-15万,东风小康EC36,"('8.29', '10.79')"
10-15万,SWM斯威G01,"('7.99', '12.59')"
10-15万,北汽威旺407EV,"('10.98', '13.40')"
10-15万,瑞驰新能源EC31,"('10.28', '10.98')"
10-15万,海马爱尚EV,"('3.98', '12.38')"
10-15万,北京BJ30,"('10.60', '12.60')"
10-15万,传祺GS4 COUP,"('13.68', '14.68')"
10-15万,云度π3,"('11.98', '14.48')"
10-15万,优优EV,"('8.98', '12.28')"
10-15万,尼欧Ⅱ,"('3.99', '10.08')"
10-15万,TAGA达咖,"('9.98', '13.48')"
10-15万,祺智EV,"('12.98', '13.98')"
10-15万,艾菲,"('12.98', '31.28')"
10-15万,好运1号,"('12.68', '13.78')"
10-15万,凯锐浩克,"('7.58', '18.80')"
10-15万,御风P16,"('8.48', '15.18')"
10-15万,卡缤(进口),"('13.18', '14.18')"
10-15万,云度π1,"('11.28', '11.98')"
10-15万,东风本田M-NV,"('14.98', '15.98')"
10-15万,长安之星9新能源,"('13.18', '13.98')"
10-15万,骐铃T7,"('7.28', '11.38')"
10-15万,福田征服者,"('7.78', '10.78')"
10-15万,凯特,"('13.88', '25.00')"
10-15万,猎豹CT7,"('8.28', '12.08')"
10-15万,SITECH DEV,"('13.99', '16.49')"
10-15万,江淮iC5,"('14.99', '17.59')"
10-15万,风行S50EV,"('13.99', '24.07')"
10-15万,博骏,"('4.99', '12.99')"
10-15万,牧马人美版,暂无报价
10-15万,奕炫EV,"('14.98', '15.98')"
10-15万,风光E3,"('12.98', '15.98')"
10-15万,海狮EV,"('12.68', '17.08')"
10-15万,福田风景,暂无报价
10-15万,斯派卡新能源,"('9.99', '12.99')"
10-15万,雄师F22,"('7.78', '15.18')"
10-15万,英格尼斯,"('12.90', '12.90')"
10-15万,BEIJING-X5,"('7.99', '11.99')"
10-15万,开沃D10,"('14.88', '16.88')"
10-15万,九龙A5,"('14.78', '21.60')"
10-15万,凯运蓝鲸,"('10.98', '11.98')"
10-15万,蒙派克S,"('13.90', '16.70')"
10-15万,俊风ER30,"('14.98', '14.98')"
10-15万,国机智骏GX5,"('11.58', '13.98')"
10-15万,拓陆者胜途,"('8.88', '12.48')"
10-15万,易至EX5,"('8.98', '13.28')"
10-15万,奔腾T55,"('10.49', '11.29')"
10-15万,上汽MAXUS EV,"('12.87', '18.17')"
10-15万,威霆,暂无报价
10-15万,凯锐800,"('12.08', '12.91')"
10-15万,中欧斯宾特,暂无报价
10-15万,远程E5,"('10.88', '10.88')"
10-15万,大运皮卡,"('8.98', '12.63')"
10-15万,启能GEV 1,"('14.79', '15.59')"
10-15万,好运2号,"('11.68', '11.88')"
10-15万,启腾M70EV,"('9.58', '13.28')"
10-15万,开沃D07创业者,"('10.48', '10.88')"
15-20万,高尔夫,"('12.98', '18.02')"
15-20万,哈弗H6,"('9.80', '15.49')"
15-20万,昂科威,"('18.99', '27.99')"
15-20万,君威,"('17.28', '25.98')"
15-20万,宝来,"('9.88', '15.70')"
15-20万,朗逸,"('9.99', '16.19')"
15-20万,速腾,"('12.89', '19.29')"
15-20万,凯美瑞,"('17.98', '27.98')"
15-20万,探岳,"('18.59', '31.39')"
15-20万,雅阁,"('17.98', '25.98')"
15-20万,迈腾,"('18.69', '30.99')"
15-20万,RAV4荣放,"('17.48', '25.88')"
15-20万,瑞虎8,"('8.88', '15.99')"
15-20万,长安CS75 PLU,"('10.69', '15.49')"
15-20万,本田CR-V,"('16.98', '27.68')"
15-20万,帕萨特,"('18.59', '28.29')"
15-20万,奇骏,"('18.88', '27.33')"
15-20万,思域,"('11.99', '16.99')"
15-20万,奥迪A3,"('19.32', '24.97')"
15-20万,探界者,"('16.99', '24.59')"
15-20万,途岳,"('16.58', '22.38')"
15-20万,亚洲龙,"('19.98', '28.98')"
15-20万,福克斯,"('10.88', '15.38')"
15-20万,领克05,"('17.58', '23.58')"
15-20万,威兰达,"('17.18', '24.18')"
15-20万,卡罗拉,"('10.98', '15.98')"
15-20万,明锐,"('9.99', '16.14')"
15-20万,领克01,"('15.08', '20.18')"
15-20万,传祺M8,"('17.98', '26.48')"
15-20万,皓影,"('16.98', '25.28')"
15-20万,T-ROC探歌,"('13.58', '20.49')"
15-20万,雷凌,"('11.38', '15.28')"
15-20万,探影,"('11.49', '16.09')"
15-20万,传祺GS4,"('8.98', '15.18')"
15-20万,红旗HS5,"('18.38', '24.98')"
15-20万,领克03,"('11.38', '24.88')"
15-20万,锐际,"('16.98', '21.88')"
15-20万,北京现代ix35,"('11.99', '16.19')"
15-20万,昂科拉,"('12.59', '15.59')"
15-20万,天籁,"('17.98', '26.98')"
15-20万,传祺M6,"('10.98', '15.98')"
15-20万,逍客,"('15.49', '18.89')"
15-20万,哈弗大狗,"('11.99', '15.59')"
15-20万,迈锐宝XL,"('15.49', '21.99')"
15-20万,哈弗F7,"('11.18', '15.18')"
15-20万,别克GL6,"('13.99', '16.99')"
15-20万,缤智,"('12.78', '17.68')"
15-20万,途铠,"('11.49', '15.99')"
15-20万,马自达3 昂克赛拉,"('11.59', '18.99')"
15-20万,本田XR-V,"('12.79', '17.59')"
15-20万,欧蓝德,"('15.98', '22.58')"
15-20万,威朗,"('15.29', '18.29')"
15-20万,MINI,"('19.08', '37.68')"
15-20万,微蓝6,"('15.98', '19.98')"
15-20万,瑞虎8 PLUS,"('12.49', '15.99')"
15-20万,领克02,"('11.98', '18.88')"
15-20万,传祺GS8,"('15.58', '26.28')"
15-20万,昂科拉GX,"('15.59', '18.59')"
15-20万,全顺,"('12.64', '19.80')"
15-20万,红旗H5,"('14.58', '19.08')"
15-20万,WEY VV7,"('16.98', '19.28')"
15-20万,北京BJ40,"('15.98', '26.99')"
15-20万,WEY VV6,"('14.80', '17.50')"
15-20万,途安,"('15.18', '19.48')"
15-20万,马自达CX-4,"('14.88', '21.58')"
15-20万,宝马1系,"('19.88', '26.38')"
15-20万,博瑞,"('13.68', '17.98')"
15-20万,途达,"('16.98', '24.83')"
15-20万,凌派,"('9.98', '16.98')"
15-20万,菲斯塔,"('11.98', '15.48')"
15-20万,依维柯欧胜,"('13.59', '32.59')"
15-20万,自由光,"('17.98', '31.98')"
15-20万,丰田C-HR,"('14.18', '18.08')"
15-20万,蒙迪欧,"('19.28', '27.98')"
15-20万,柯迪亚克,"('17.79', '24.79')"
15-20万,阿特兹,"('17.58', '24.78')"
15-20万,凌渡,"('14.29', '19.69')"
15-20万,翼虎,"('16.98', '24.98')"
15-20万,上汽大通MAXUS ,"('13.98', '22.98')"
15-20万,天逸 C5 AIRC,"('14.97', '23.87')"
15-20万,马自达CX-5,"('17.98', '24.58')"
15-20万,炮,"('9.78', '20.78')"
15-20万,标致508,"('15.97', '22.57')"
15-20万,柯珞克,"('12.99', '15.99')"
15-20万,捷途X95,"('9.99', '15.29')"
15-20万,坦克300,"('17.58', '22.00')"
15-20万,奕泽IZOA,"('14.58', '17.68')"
15-20万,马自达CX-30,"('12.99', '19.99')"
15-20万,奔腾T99,"('14.99', '18.99')"
15-20万,标致5008,"('18.77', '27.37')"
15-20万,上汽大通MAXUS ,"('10.28', '24.56')"
15-20万,指南者,"('13.98', '22.98')"
15-20万,沃兰多,"('11.49', '15.99')"
15-20万,新世代全顺,"('16.36', '27.58')"
15-20万,名图,"('13.38', '16.98')"
15-20万,上汽大通MAXUS ,"('14.78', '24.96')"
15-20万,荣威RX5 MAX,"('11.88', '18.98')"
15-20万,长安欧尚科赛Pro,"('8.59', '15.29')"
15-20万,唐新能源,"('19.78', '31.48')"
15-20万,速派,"('15.49', '22.99')"
15-20万,上汽大通MAXUS ,"('8.68', '16.70')"
15-20万,星越,"('13.58', '19.58')"
15-20万,标致408,"('11.77', '16.97')"
15-20万,享域,"('9.98', '16.69')"
15-20万,图雅诺,"('9.57', '22.98')"
15-20万,小鹏汽车G3,"('14.68', '19.98')"
15-20万,标致4008,"('16.97', '24.37')"
15-20万,高尔夫·嘉旅,"('12.88', '19.28')"
15-20万,途胜,"('16.99', '21.99')"
15-20万,哈弗H7,"('14.20', '18.00')"
15-20万,哈弗F7x,"('11.99', '15.49')"
15-20万,秦Pro新能源,"('13.69', '20.69')"
15-20万,唐,"('12.99', '16.99')"
15-20万,荣威RX8,"('16.88', '22.88')"
15-20万,领界,"('10.98', '16.48')"
15-20万,星途LX,"('10.99', '15.09')"
15-20万,驭胜S350,"('12.18', '20.18')"
15-20万,长安CS95,"('16.59', '21.39')"
15-20万,观致3,"('9.89', '15.39')"
15-20万,上汽大通MAXUS ,"('18.68', '28.98')"
15-20万,捷途X70S,"('7.69', '15.89')"
15-20万,依维柯得意,"('11.84', '17.00')"
15-20万,INSPIRE,"('18.28', '24.98')"
15-20万,瑞风M4,"('9.98', '15.98')"
15-20万,雪铁龙C6,"('18.99', '27.59')"
15-20万,星途TXL,"('13.59', '17.59')"
15-20万,上汽MAXUS T6,"('8.98', '21.38')"
15-20万,起亚KX5,"('15.48', '18.18')"
15-20万,Aion S,"('13.98', '20.58')"
15-20万,途睿欧,"('17.69', '27.58')"
15-20万,mu-X牧游侠,"('17.88', '28.48')"
15-20万,索纳塔,"('16.18', '20.58')"
15-20万,中华V7,"('10.87', '15.99')"
15-20万,奕歌,"('12.98', '18.58')"
15-20万,传祺GA6,"('10.88', '16.88')"
15-20万,宋MAX新能源,"('14.99', '19.98')"
15-20万,AION V,"('15.96', '23.96')"
15-20万,C-TREK蔚领,"('11.39', '15.89')"
15-20万,传祺GS5,"('10.98', '16.98')"
15-20万,观致5,"('13.88', '16.38')"
15-20万,微蓝7,"('17.98', '19.98')"
15-20万,K5凯酷,"('16.18', '20.58')"
15-20万,自由侠,"('12.98', '19.08')"
15-20万,名爵HS,"('10.98', '16.98')"
15-20万,长安CS85 COU,"('11.99', '16.99')"
15-20万,锐骐6,"('8.98', '17.98')"
15-20万,MG领航,"('9.98', '15.98')"
15-20万,宋Pro新能源,"('16.98', '21.98')"
15-20万,荣威Ei5,"('12.88', '16.11')"
15-20万,纳瓦拉,"('13.98', '19.98')"
15-20万,斯巴鲁XV,"('19.18', '23.38')"
15-20万,荣威iMAX8,"('18.88', '25.38')"
15-20万,风行T5L,"('7.99', '17.69')"
15-20万,D-MAX,"('14.48', '22.48')"
15-20万,域虎7,"('10.78', '17.63')"
15-20万,秦新能源,"('12.99', '20.99')"
15-20万,帝豪GSe,"('10.99', '15.99')"
15-20万,观致7,"('10.98', '15.98')"
15-20万,爱驰U5,"('16.69', '29.21')"
15-20万,上汽大通MAXUS ,"('8.98', '20.48')"
15-20万,长安欧尚科尚,"('7.98', '16.08')"
15-20万,宝沃BX5,"('12.98', '15.58')"
15-20万,阁瑞斯,"('8.88', '27.78')"
15-20万,域虎9,"('13.48', '21.18')"
15-20万,威马EX5,"('14.68', '19.88')"
15-20万,宝沃BX7,"('16.98', '30.28')"
15-20万,创界,"('13.99', '17.99')"
15-20万,柯迪亚克GT,"('17.99', '25.29')"
15-20万,几何C,"('12.98', '18.28')"
15-20万,荣威RX5新能源,"('15.58', '29.68')"
15-20万,风光ix7,"('12.59', '21.59')"
15-20万,启辰T90,"('11.88', '15.48')"
15-20万,传祺GA8,"('15.68', '22.68')"
15-20万,瑞风M5,"('13.95', '16.65')"
15-20万,BEIJING-EX,"('11.99', '16.39')"
15-20万,R汽车 ER6,"('16.28', '20.08')"
15-20万,瑞风,"('9.99', '16.38')"
15-20万,拓陆者驭途,"('10.48', '19.58')"
15-20万,BEIJING-EU,"('12.99', '17.19')"
15-20万,起亚KX7,"('17.98', '27.68')"
15-20万,江淮T8,"('8.88', '16.28')"
15-20万,云逸 C4 AIRC,"('10.68', '15.68')"
15-20万,黄海N3,"('10.58', '19.68')"
15-20万,星锐,"('10.97', '21.78')"
15-20万,BEIJING-EX,"('16.99', '19.99')"
15-20万,比亚迪e3,"('10.38', '16.48')"
15-20万,汉腾X7,"('7.88', '15.68')"
15-20万,WEY VV7 GT,"('19.18', '25.88')"
15-20万,勇士,"('9.98', '16.17')"
15-20万,荣威i6新能源,"('14.78', '20.18')"
15-20万,奇瑞蚂蚁,"('14.98', '18.98')"
15-20万,福克斯Active,"('13.98', '15.38')"
15-20万,广汽丰田iA5,"('16.98', '19.28')"
15-20万,上汽MAXUS D9,"('17.98', '27.68')"
15-20万,风行M7,"('12.69', '22.99')"
15-20万,传祺GE3,"('15.48', '18.08')"
15-20万,哪吒U,"('13.98', '19.98')"
15-20万,领克01新能源,"('19.27', '23.88')"
15-20万,欧拉iQ,"('11.48', '15.03')"
15-20万,领克03新能源,"('16.87', '19.87')"
15-20万,帝豪新能源,"('13.58', '15.98')"
15-20万,高尔夫·纯电,"('14.77', '16.88')"
15-20万,广汽本田VE-1,"('15.98', '18.38')"
15-20万,拓陆者,"('7.78', '19.88')"
15-20万,御风,"('10.38', '28.58')"
15-20万,风景G9,"('9.98', '19.00')"
15-20万,吉姆尼(进口),"('14.18', '16.08')"
15-20万,畅巡,"('15.99', '17.99')"
15-20万,ID.4 CROZZ,"('19.99', '27.99')"
15-20万,旷世,"('15.98', '24.38')"
15-20万,铃拓,"('11.18', '15.48')"
15-20万,几何A,"('15.00', '19.00')"
15-20万,荣威RX5 MAX新,"('19.58', '23.58')"
15-20万,景逸S50,"('4.89', '15.18')"
15-20万,长安CS75 PHE,"('17.58', '20.78')"
15-20万,威马EX6,"('18.99', '28.88')"
15-20万,领克02新能源,"('16.97', '19.97')"
15-20万,嘉际新能源,"('15.98', '19.28')"
15-20万,金杯大海狮,"('9.48', '25.28')"
15-20万,博瑞新能源,"('16.98', '18.38')"
15-20万,名爵6新能源,"('14.58', '17.58')"
15-20万,昂希诺纯电动,"('17.28', '19.88')"
15-20万,ENCINO 昂希诺,"('12.99', '15.59')"
15-20万,星越新能源,"('17.58', '21.68')"
15-20万,长安新能源CS55 ,"('15.99', '20.09')"
15-20万,领主,"('8.48', '19.88')"
15-20万,东风本田X-NV,"('16.98', '17.98')"
15-20万,传祺GS4新能源,"('16.38', '19.38')"
15-20万,依维柯褒迪,"('14.39', '32.49')"
15-20万,BEIJING-EU,"('15.99', '17.59')"
15-20万,北京F40,"('14.98', '16.99')"
15-20万,艾瑞泽5e,"('15.98', '15.98')"
15-20万,菲斯塔纯电动,"('17.38', '19.88')"
15-20万,捷途X70S EV,"('14.98', '16.98')"
15-20万,上汽大通MAXUS ,"('16.58', '23.03')"
15-20万,零跑S01,"('11.99', '15.09')"
15-20万,风景G5,"('7.47', '15.39')"
15-20万,零跑C11,"('15.98', '19.98')"
15-20万,东风风神E70,"('13.58', '15.98')"
15-20万,上汽大通MAXUS ,"('9.38', '19.00')"
15-20万,帝豪GL新能源,"('15.28', '16.48')"
15-20万,江淮iEVS4,"('13.95', '15.95')"
15-20万,奔腾B30EV,"('18.98', '18.98')"
15-20万,黄海N2,"('7.28', '16.58')"
15-20万,九龙A4,"('12.18', '17.88')"
15-20万,启辰T60EV,"('16.88', '18.18')"
15-20万,艾瑞泽e,"('10.98', '15.48')"
15-20万,奔腾E01,"('19.68', '22.88')"
15-20万,启辰D60EV,"('15.01', '17.88')"
15-20万,领动插电混动,"('15.78', '17.88')"
15-20万,名爵HS新能源,"('18.98', '21.98')"
15-20万,星途揽月,"('16.89', '22.99')"
15-20万,东南DX3新能源,"('17.15', '19.15')"
15-20万,菱智M5EV,"('15.79', '16.99')"
20-35万,别克GL8,"('23.29', '52.99')"
20-35万,昂科威,"('18.99', '27.99')"
20-35万,昂科旗,"('27.99', '37.99')"
20-35万,君威,"('17.28', '25.98')"
20-35万,君越,"('21.98', '28.98')"
20-35万,凯美瑞,"('17.98', '27.98')"
20-35万,探岳,"('18.59', '31.39')"
20-35万,奥迪A4L,"('30.58', '39.68')"
20-35万,雅阁,"('17.98', '25.98')"
20-35万,迈腾,"('18.69', '30.99')"
20-35万,汉兰达,"('23.98', '32.58')"
20-35万,RAV4荣放,"('17.48', '25.88')"
20-35万,途观L,"('21.58', '31.18')"
20-35万,宝马3系,"('29.39', '40.99')"
20-35万,昂科威S,"('21.99', '27.99')"
20-35万,凯迪拉克XT4,"('25.97', '39.17')"
20-35万,奔驰C级,"('30.78', '47.48')"
20-35万,本田CR-V,"('16.98', '27.68')"
20-35万,凯迪拉克CT5,"('27.97', '34.17')"
20-35万,奥迪Q3,"('27.18', '36.18')"
20-35万,冠道,"('22.00', '33.28')"
20-35万,凯迪拉克XT5,"('32.97', '47.27')"
20-35万,帕萨特,"('18.59', '28.29')"
20-35万,途昂,"('29.99', '45.99')"
20-35万,奇骏,"('18.88', '27.33')"
20-35万,奥迪A3,"('19.32', '24.97')"
20-35万,探界者,"('16.99', '24.59')"
20-35万,途岳,"('16.58', '22.38')"
20-35万,宝马X1,"('27.88', '33.98')"
20-35万,亚洲龙,"('19.98', '28.98')"
20-35万,领克05,"('17.58', '23.58')"
20-35万,冒险家,"('24.68', '34.58')"
20-35万,威兰达,"('17.18', '24.18')"
20-35万,奔驰GLB,"('29.28', '35.48')"
20-35万,奥德赛,"('22.98', '37.68')"
20-35万,领克01,"('15.08', '20.18')"
20-35万,雷克萨斯ES,"('29.00', '48.30')"
20-35万,锐界,"('22.98', '38.98')"
20-35万,传祺M8,"('17.98', '26.48')"
20-35万,皓影,"('16.98', '25.28')"
20-35万,探险者,"('30.98', '39.98')"
20-35万,T-ROC探歌,"('13.58', '20.49')"
20-35万,红旗HS5,"('18.38', '24.98')"
20-35万,领克03,"('11.38', '24.88')"
20-35万,锐际,"('16.98', '21.88')"
20-35万,凯迪拉克CT4,"('23.97', '25.97')"
20-35万,天籁,"('17.98', '26.98')"
20-35万,沃尔沃XC40,"('26.48', '38.58')"
20-35万,开拓者,"('22.99', '32.99')"
20-35万,迈锐宝XL,"('15.49', '21.99')"
20-35万,奥迪Q2L,"('21.88', '26.85')"
20-35万,哈弗H9,"('20.98', '27.28')"
20-35万,欧蓝德,"('15.98', '22.58')"
20-35万,沃尔沃S60,"('28.69', '38.09')"
20-35万,MINI,"('19.08', '37.68')"
20-35万,艾力绅,"('24.98', '32.88')"
20-35万,一汽-大众CC,"('24.68', '30.18')"
20-35万,雷克萨斯NX,"('30.40', '54.20')"
20-35万,传祺GS8,"('15.58', '26.28')"
20-35万,威然,"('28.68', '39.98')"
20-35万,途昂X,"('28.99', '43.99')"
20-35万,北京BJ40,"('15.98', '26.99')"
20-35万,宝马X2,"('26.68', '32.98')"
20-35万,辉昂,"('34.00', '63.90')"
20-35万,马自达CX-4,"('14.88', '21.58')"
20-35万,大指挥官,"('23.98', '40.98')"
20-35万,宝马1系,"('19.88', '26.38')"
20-35万,胜达,"('20.28', '27.28')"
20-35万,途达,"('16.98', '24.83')"
20-35万,依维柯欧胜,"('13.59', '32.59')"
20-35万,森林人,"('22.38', '28.58')"
20-35万,自由光,"('17.98', '31.98')"
20-35万,蒙迪欧,"('19.28', '27.98')"
20-35万,柯迪亚克,"('17.79', '24.79')"
20-35万,阿特兹,"('17.58', '24.78')"
20-35万,奔驰A级,"('21.18', '29.98')"
20-35万,红旗H9,"('30.98', '53.98')"
20-35万,翼虎,"('16.98', '24.98')"
20-35万,上汽大通MAXUS ,"('13.98', '22.98')"
20-35万,天逸 C5 AIRC,"('14.97', '23.87')"
20-35万,马自达CX-5,"('17.98', '24.58')"
20-35万,炮,"('9.78', '20.78')"
20-35万,红旗HS7,"('27.58', '45.98')"
20-35万,标致508,"('15.97', '22.57')"
20-35万,坦克300,"('17.58', '22.00')"
20-35万,楼兰,"('23.88', '37.58')"
20-35万,标致5008,"('18.77', '27.37')"
20-35万,上汽大通MAXUS ,"('10.28', '24.56')"
20-35万,指南者,"('13.98', '22.98')"
20-35万,金牛座,"('22.89', '28.89')"
20-35万,新世代全顺,"('16.36', '27.58')"
20-35万,Model 3,"('26.57', '41.98')"
20-35万,上汽大通MAXUS ,"('14.78', '24.96')"
20-35万,撼路者,"('27.58', '37.48')"
20-35万,唐新能源,"('19.78', '31.48')"
20-35万,速派,"('15.49', '22.99')"
20-35万,林肯MKC,"('27.98', '37.68')"
20-35万,探岳X,"('23.58', '29.58')"
20-35万,雷克萨斯UX,"('25.90', '38.70')"
20-35万,汉,"('21.98', '27.95')"
20-35万,威霆,"('28.98', '34.18')"
20-35万,英菲尼迪QX50,"('33.38', '46.98')"
20-35万,本田UR-V,"('24.68', '32.98')"
20-35万,图雅诺,"('9.57', '22.98')"
20-35万,标致4008,"('16.97', '24.37')"
20-35万,傲虎,"('27.08', '33.08')"
20-35万,林肯MKZ,"('25.58', '36.98')"
20-35万,途胜,"('16.99', '21.99')"
20-35万,英菲尼迪Q50L,"('26.48', '38.98')"
20-35万,奔驰B级,"('23.98', '33.18')"
20-35万,奔驰GLA,"('27.68', '33.28')"
20-35万,捷豹XEL,"('28.98', '38.06')"
20-35万,雷克萨斯CT,"('21.50', '28.20')"
20-35万,秦Pro新能源,"('13.69', '20.69')"
20-35万,荣威RX8,"('16.88', '22.88')"
20-35万,驭胜S350,"('12.18', '20.18')"
20-35万,沃尔沃V60,"('30.43', '43.99')"
20-35万,长安CS95,"('16.59', '21.39')"
20-35万,上汽大通MAXUS ,"('18.68', '28.98')"
20-35万,INSPIRE,"('18.28', '24.98')"
20-35万,奔驰CLA,"('29.98', '38.58')"
20-35万,讴歌RDX,"('32.80', '46.00')"
20-35万,雪铁龙C6,"('18.99', '27.59')"
20-35万,奔驰C级(进口),"('34.68', '45.98')"
20-35万,理想ONE,"('32.80', '32.80')"
20-35万,上汽MAXUS T6,"('8.98', '21.38')"
20-35万,小鹏汽车P7,"('22.99', '40.99')"
20-35万,Aion S,"('13.98', '20.58')"
20-35万,途睿欧,"('17.69', '27.58')"
20-35万,mu-X牧游侠,"('17.88', '28.48')"
20-35万,宝马2系,"('26.38', '33.98')"
20-35万,索纳塔,"('16.18', '20.58')"
20-35万,MINI COUNT,"('24.88', '34.38')"
20-35万,夏朗,"('24.68', '34.38')"
20-35万,AION V,"('15.96', '23.96')"
20-35万,讴歌CDX,"('22.98', '34.98')"
20-35万,奥迪A4(进口),"('34.18', '42.78')"
20-35万,K5凯酷,"('16.18', '20.58')"
20-35万,北京BJ80,"('29.80', '39.80')"
20-35万,帕里斯帝,"('29.88', '32.98')"
20-35万,红旗H7,"('25.28', '31.78')"
20-35万,宋Pro新能源,"('16.98', '21.98')"
20-35万,斯巴鲁XV,"('19.18', '23.38')"
20-35万,荣威iMAX8,"('18.88', '25.38')"
20-35万,D-MAX,"('14.48', '22.48')"
20-35万,秦新能源,"('12.99', '20.99')"
20-35万,MINI CLUBM,"('24.58', '32.58')"
20-35万,爱驰U5,"('16.69', '29.21')"
20-35万,奔驰A级(进口),"('23.28', '31.28')"
20-35万,上汽大通MAXUS ,"('8.98', '20.48')"
20-35万,途观X,"('24.59', '30.59')"
20-35万,阁瑞斯,"('8.88', '27.78')"
20-35万,域虎9,"('13.48', '21.18')"
20-35万,卡罗拉双擎E+,"('20.78', '23.08')"
20-35万,宝马1系(进口),"('23.18', '42.98')"
20-35万,宝沃BX7,"('16.98', '30.28')"
20-35万,柯迪亚克GT,"('17.99', '25.29')"
20-35万,荣威RX5新能源,"('15.58', '29.68')"
20-35万,风光ix7,"('12.59', '21.59')"
20-35万,穿越者中东版,"('29.80', '52.00')"
20-35万,传祺GA8,"('15.68', '22.68')"
20-35万,捷豹E-PACE,"('28.18', '38.58')"
20-35万,途观L新能源,"('26.58', '29.28')"
20-35万,DS 7,"('22.99', '31.99')"
20-35万,R汽车 ER6,"('16.28', '20.08')"
20-35万,腾势X,"('28.98', '35.78')"
20-35万,丰田86,"('27.78', '28.78')"
20-35万,雷凌双擎E+,"('20.38', '21.88')"
20-35万,起亚KX7,"('17.98', '27.68')"
20-35万,奥迪Q2L e-tr,"('22.68', '23.73')"
20-35万,力狮,"('20.48', '24.78')"
20-35万,帕萨特新能源,"('24.39', '25.39')"
20-35万,高尔夫(进口),"('20.98', '37.28')"
20-35万,野马加版,"('35.00', '52.00')"
20-35万,马自达CX-8,"('25.88', '33.08')"
20-35万,蔚揽,"('24.38', '39.28')"
20-35万,丰田C-HR EV,"('22.58', '24.98')"
20-35万,星锐,"('10.97', '21.78')"
20-35万,Aion LX(埃安,"('22.96', '34.96')"
20-35万,WEY VV7 GT,"('19.18', '25.88')"
20-35万,帕杰罗·劲畅(进口),"('27.98', '30.98')"
20-35万,Tiguan,"('23.98', '35.08')"
20-35万,荣威i6新能源,"('14.78', '20.18')"
20-35万,上汽MAXUS D9,"('17.98', '27.68')"
20-35万,风行M7,"('12.69', '22.99')"
20-35万,宝马2系多功能旅行车,"('26.38', '29.98')"
20-35万,领克01新能源,"('19.27', '23.88')"
20-35万,雷克萨斯IS,"('29.80', '41.30')"
20-35万,帕杰罗中东版,"('32.80', '42.00')"
20-35万,御风,"('10.38', '28.58')"
20-35万,酷威,"('27.49', '37.29')"
20-35万,宝马i3,"('30.58', '30.58')"
20-35万,ID.4 CROZZ,"('19.99', '27.99')"
20-35万,旷世,"('15.98', '24.38')"
20-35万,宝马X2(进口),"('28.18', '36.98')"
20-35万,探岳GTE插电混动,"('24.98', '25.98')"
20-35万,荣威RX5 MAX新,"('19.58', '23.58')"
20-35万,长安CS75 PHE,"('17.58', '20.78')"
20-35万,威马EX6,"('18.99', '28.88')"
20-35万,WEY VV7新能源,"('21.98', '23.98')"
20-35万,荣威MARVEL X,"('26.88', '30.88')"
20-35万,金杯大海狮,"('9.48', '25.28')"
20-35万,C4 PICASSO,"('21.68', '26.58')"
20-35万,Espace,"('25.88', '32.88')"
20-35万,奥迪A3(进口),"('33.58', '33.58')"
20-35万,星越新能源,"('17.58', '21.68')"
20-35万,长安新能源CS55 ,"('15.99', '20.09')"
20-35万,依维柯褒迪,"('14.39', '32.49')"
20-35万,索纳塔插电混动,"('22.28', '25.68')"
20-35万,MINI JCW,"('32.58', '36.18')"
20-35万,轩逸·纯电,"('23.80', '25.40')"
20-35万,马自达MX-5,"('33.90', '34.00')"
20-35万,迈腾新能源,"('25.39', '26.89')"
20-35万,起亚K5新能源,"('22.28', '23.98')"
20-35万,WEY VV7 GT,"('25.68', '25.68')"
20-35万,ARCFOX αT,"('24.19', '31.99')"
20-35万,野马美版,"('32.80', '36.00')"
20-35万,奕泽E进擎,"('22.58', '25.38')"
20-35万,沃尔沃XC40(进口,"('31.59', '40.39')"
20-35万,上汽大通MAXUS ,"('16.58', '23.03')"
20-35万,福克斯(进口),"('24.28', '37.88')"
20-35万,天逸 C5 AIRC,"('23.47', '26.47')"
20-35万,红旗E-HS3,"('22.58', '26.58')"
20-35万,菲亚特500,"('20.98', '26.18')"
20-35万,奔腾E01,"('19.68', '22.88')"
20-35万,赛力斯SF5,"('24.90', '33.90')"
20-35万,帕杰罗・劲畅中东版,"('28.00', '28.00')"
20-35万,HYCAN 007,"('25.98', '40.00')"
20-35万,宇通CL6,"('27.98', '27.98')"
20-35万,巴博斯 smart ,"('20.78', '30.19')"
20-35万,名爵HS新能源,"('18.98', '21.98')"
20-35万,星途揽月,"('16.89', '22.99')"
20-35万,高尔夫新能源(进口),"('24.08', '24.08')"
20-35万,帕萨特墨版,"('26.80', '28.80')"
20-35万,依维柯Ouba,"('27.57', '34.69')"
20-35万,航海家,"('32.88', '47.88')"
20-35万,本田CR-V新能源,"('27.38', '29.98')"
35-50万,别克GL8,"('23.29', '52.99')"
35-50万,昂科旗,"('27.99', '37.99')"
35-50万,宝马5系,"('42.69', '54.99')"
35-50万,奥迪A4L,"('30.58', '39.68')"
35-50万,奥迪A6L,"('41.98', '65.38')"
35-50万,宝马3系,"('29.39', '40.99')"
35-50万,奥迪Q5L,"('38.78', '49.80')"
35-50万,凯迪拉克XT4,"('25.97', '39.17')"
35-50万,奔驰GLC,"('39.48', '58.78')"
35-50万,奔驰C级,"('30.78', '47.48')"
35-50万,宝马X3,"('38.98', '47.98')"
35-50万,奔驰E级,"('43.08', '64.28')"
35-50万,奥迪Q3,"('27.18', '36.18')"
35-50万,沃尔沃XC60,"('36.29', '47.09')"
35-50万,凯迪拉克XT5,"('32.97', '47.27')"
35-50万,途昂,"('29.99', '45.99')"
35-50万,凯迪拉克XT6,"('38.97', '55.27')"
35-50万,奔驰GLB,"('29.28', '35.48')"
35-50万,奥德赛,"('22.98', '37.68')"
35-50万,雷克萨斯ES,"('29.00', '48.30')"
35-50万,锐界,"('22.98', '38.98')"
35-50万,探险者,"('30.98', '39.98')"
35-50万,雷克萨斯RX,"('39.00', '81.00')"
35-50万,凯迪拉克CT6,"('37.97', '48.97')"
35-50万,沃尔沃XC40,"('26.48', '38.58')"
35-50万,沃尔沃S90,"('37.29', '50.59')"
35-50万,沃尔沃S60,"('28.69', '38.09')"
35-50万,MINI,"('19.08', '37.68')"
35-50万,雷克萨斯NX,"('30.40', '54.20')"
35-50万,奥迪A5,"('37.18', '55.18')"
35-50万,威然,"('28.68', '39.98')"
35-50万,途昂X,"('28.99', '43.99')"
35-50万,辉昂,"('34.00', '63.90')"
35-50万,大指挥官,"('23.98', '40.98')"
35-50万,红旗H9,"('30.98', '53.98')"
35-50万,奔驰E级(进口),"('42.58', '70.78')"
35-50万,红旗HS7,"('27.58', '45.98')"
35-50万,航海家(进口),"('38.88', '51.88')"
35-50万,楼兰,"('23.88', '37.58')"
35-50万,宝马4系,"('35.98', '61.68')"
35-50万,牧马人,"('42.99', '55.99')"
35-50万,Model 3,"('26.57', '41.98')"
35-50万,普拉多中东版,"('45.50', '85.80')"
35-50万,撼路者,"('27.58', '37.48')"
35-50万,宝马5系(进口),"('42.39', '60.39')"
35-50万,林肯MKC,"('27.98', '37.68')"
35-50万,发现运动版,"('35.68', '45.58')"
35-50万,宝马X4,"('45.59', '58.59')"
35-50万,雷克萨斯UX,"('25.90', '38.70')"
35-50万,蔚来ES6,"('35.80', '52.60')"
35-50万,英菲尼迪QX50,"('33.38', '46.98')"
35-50万,捷豹XFL,"('37.58', '57.88')"
35-50万,林肯MKZ,"('25.58', '36.98')"
35-50万,英菲尼迪Q50L,"('26.48', '38.98')"
35-50万,塞纳加版,"('48.00', '69.80')"
35-50万,捷豹XEL,"('28.98', '38.06')"
35-50万,宝马3系GT,"('35.98', '43.98')"
35-50万,奥迪S4,"('45.98', '46.88')"
35-50万,揽胜极光,"('35.58', '50.58')"
35-50万,奥迪A6(进口),"('44.98', '56.98')"
35-50万,沃尔沃V60,"('30.43', '43.99')"
35-50万,蔚来ES8,"('46.80', '62.40')"
35-50万,奔驰CLA,"('29.98', '38.58')"
35-50万,林肯大陆,"('36.08', '55.58')"
35-50万,讴歌RDX,"('32.80', '46.00')"
35-50万,奔驰C级(进口),"('34.68', '45.98')"
35-50万,小鹏汽车P7,"('22.99', '40.99')"
35-50万,奔驰V级,"('47.18', '65.18')"
35-50万,奥迪A4(进口),"('34.18', '42.78')"
35-50万,探险者（进口）,"('41.28', '59.18')"
35-50万,北京BJ80,"('29.80', '39.80')"
35-50万,Mustang,"('36.98', '39.58')"
35-50万,奥迪TT,"('45.38', '53.28')"
35-50万,捷豹XF,"('45.58', '58.28')"
35-50万,捷豹F-PACE,"('47.58', '78.78')"
35-50万,蔚来EC6,"('36.80', '52.60')"
35-50万,宝马Z4,"('48.88', '63.38')"
35-50万,奔驰GLC(进口),"('45.88', '59.88')"
35-50万,公羊加版,"('43.80', '72.00')"
35-50万,Giulia,"('37.98', '125.98')"
35-50万,沃尔沃V90,"('44.39', '55.69')"
35-50万,迈特威,"('42.80', '101.00')"
35-50万,Stelvio,"('45.68', '127.98')"
35-50万,塞纳美版,"('43.80', '58.80')"
35-50万,宝马5系新能源,"('49.99', '53.69')"
35-50万,宝马1系(进口),"('23.18', '42.98')"
35-50万,英菲尼迪QX60,"('47.98', '56.98')"
35-50万,穿越者中东版,"('29.80', '52.00')"
35-50万,捷豹E-PACE,"('28.18', '38.58')"
35-50万,奔驰A级AMG(进口,"('39.98', '57.98')"
35-50万,奥迪S3,"('36.38', '36.38')"
35-50万,英菲尼迪Q70,"('38.18', '43.98')"
35-50万,腾势X,"('28.98', '35.78')"
35-50万,高尔夫(进口),"('20.98', '37.28')"
35-50万,野马加版,"('35.00', '52.00')"
35-50万,蔚揽,"('24.38', '39.28')"
35-50万,科迈罗,"('39.99', '39.99')"
35-50万,奔驰EQC,"('49.98', '62.28')"
35-50万,奔驰A级AMG,"('39.98', '41.98')"
35-50万,宝马X1新能源,"('39.98', '39.98')"
35-50万,沃尔沃S90新能源,"('49.99', '104.39')"
35-50万,塞纳墨版,"('50.00', '64.50')"
35-50万,Tiguan,"('23.98', '35.08')"
35-50万,挑战者美版,"('43.80', '185.00')"
35-50万,雷克萨斯IS,"('29.80', '41.30')"
35-50万,帕杰罗中东版,"('32.80', '42.00')"
35-50万,英菲尼迪Q60,"('35.88', '37.78')"
35-50万,英菲尼迪Q50,"('38.98', '54.98')"
35-50万,坦途加版,"('48.50', '69.00')"
35-50万,奔驰CLA AMG,"('43.98', '59.98')"
35-50万,酷威,"('27.49', '37.29')"
35-50万,奔驰V级墨版,"('49.80', '79.80')"
35-50万,凯路威,"('35.50', '38.20')"
35-50万,宝马X2(进口),"('28.18', '36.98')"
35-50万,捷豹XE,"('43.68', '44.80')"
35-50万,宝马iX3,"('46.99', '50.99')"
35-50万,雷克萨斯RC,"('44.60', '49.60')"
35-50万,奔驰GLC墨版,"('45.90', '56.80')"
35-50万,公羊美版,"('45.80', '76.80')"
35-50万,凌特,"('37.60', '49.30')"
35-50万,MINI JCW C,"('39.98', '42.98')"
35-50万,MINI JCW,"('32.58', '36.18')"
35-50万,福特F-150加版,"('45.80', '58.00')"
35-50万,MINI JCW C,"('38.48', '40.98')"
35-50万,海拉克斯中东版,"('35.80', '45.80')"
35-50万,沃尔沃S60新能源,"('39.99', '46.19')"
35-50万,野马美版,"('32.80', '36.00')"
35-50万,大捷龙(进口),"('49.69', '49.69')"
35-50万,沃尔沃XC40(进口,"('31.59', '40.39')"
35-50万,雷克萨斯UX新能源,"('36.20', '38.50')"
50-70万,别克GL8,"('23.29', '52.99')"
50-70万,宝马5系,"('42.69', '54.99')"
50-70万,奥迪A6L,"('41.98', '65.38')"
50-70万,宝马X5,"('69.99', '86.39')"
50-70万,奔驰GLC,"('39.48', '58.78')"
50-70万,奔驰E级,"('43.08', '64.28')"
50-70万,凯迪拉克XT6,"('38.97', '55.27')"
50-70万,雷克萨斯RX,"('39.00', '81.00')"
50-70万,奔驰GLE,"('69.98', '135.38')"
50-70万,奥迪Q7,"('68.88', '86.68')"
50-70万,沃尔沃XC90,"('63.39', '83.39')"
50-70万,沃尔沃S90,"('37.29', '50.59')"
50-70万,途锐,"('59.18', '82.18')"
50-70万,雷克萨斯NX,"('30.40', '54.20')"
50-70万,奥迪A5,"('37.18', '55.18')"
50-70万,辉昂,"('34.00', '63.90')"
50-70万,红旗H9,"('30.98', '53.98')"
50-70万,奔驰E级(进口),"('42.58', '70.78')"
50-70万,航海家(进口),"('38.88', '51.88')"
50-70万,奥迪A7,"('57.38', '70.48')"
50-70万,宝马4系,"('35.98', '61.68')"
50-70万,牧马人,"('42.99', '55.99')"
50-70万,普拉多中东版,"('45.50', '85.80')"
50-70万,飞行家,"('50.98', '75.98')"
50-70万,宝马5系(进口),"('42.39', '60.39')"
50-70万,兰德酷路泽中东版,"('69.80', '142.00')"
50-70万,Macan,"('54.50', '92.50')"
50-70万,宝马X4,"('45.59', '58.59')"
50-70万,蔚来ES6,"('35.80', '52.60')"
50-70万,保时捷718,"('54.50', '98.60')"
50-70万,捷豹XFL,"('37.58', '57.88')"
50-70万,大切诺基(进口),"('52.99', '71.49')"
50-70万,宝马6系GT,"('58.39', '68.39')"
50-70万,塞纳加版,"('48.00', '69.80')"
50-70万,发现,"('66.98', '83.78')"
50-70万,揽胜极光,"('35.58', '50.58')"
50-70万,奥迪A6(进口),"('44.98', '56.98')"
50-70万,揽胜星脉,"('57.28', '87.88')"
50-70万,蔚来ES8,"('46.80', '62.40')"
50-70万,林肯大陆,"('36.08', '55.58')"
50-70万,奔驰CLS,"('57.68', '78.98')"
50-70万,奔驰V级,"('47.18', '65.18')"
50-70万,探险者（进口）,"('41.28', '59.18')"
50-70万,飞行家（进口）,"('62.88', '68.88')"
50-70万,奥迪TT,"('45.38', '53.28')"
50-70万,捷豹XF,"('45.58', '58.28')"
50-70万,捷豹F-PACE,"('47.58', '78.78')"
50-70万,蔚来EC6,"('36.80', '52.60')"
50-70万,宝马Z4,"('48.88', '63.38')"
50-70万,奔驰GLC(进口),"('45.88', '59.88')"
50-70万,奥迪S5,"('61.98', '70.88')"
50-70万,公羊加版,"('43.80', '72.00')"
50-70万,Giulia,"('37.98', '125.98')"
50-70万,沃尔沃V90,"('44.39', '55.69')"
50-70万,迈特威,"('42.80', '101.00')"
50-70万,Stelvio,"('45.68', '127.98')"
50-70万,塞纳美版,"('43.80', '58.80')"
50-70万,途乐中东版,"('53.00', '86.80')"
50-70万,宝马5系新能源,"('49.99', '53.69')"
50-70万,福特F-150,"('52.38', '118.00')"
50-70万,奔驰C级AMG,"('59.98', '116.08')"
50-70万,英菲尼迪QX60,"('47.98', '56.98')"
50-70万,宝马M2,"('63.38', '64.38')"
50-70万,穿越者中东版,"('29.80', '52.00')"
50-70万,奔驰A级AMG(进口,"('39.98', '57.98')"
50-70万,捷豹F-TYPE,"('58.20', '91.80')"
50-70万,奔驰GLC AMG,"('65.88', '128.88')"
50-70万,野马加版,"('35.00', '52.00')"
50-70万,奔驰EQC,"('49.98', '62.28')"
50-70万,沃尔沃S90新能源,"('49.99', '104.39')"
50-70万,塞纳墨版,"('50.00', '64.50')"
50-70万,红旗E-HS9,"('50.98', '72.98')"
50-70万,讴歌MDX,"('69.80', '84.80')"
50-70万,奔驰SLC级,"('50.68', '62.38')"
50-70万,北京BJ90,"('69.80', '128.80')"
50-70万,超霸加版,"('55.60', '84.80')"
50-70万,挑战者美版,"('43.80', '185.00')"
50-70万,揽胜极光(进口),"('69.80', '69.80')"
50-70万,奥迪A6L新能源,"('50.80', '50.80')"
50-70万,奥迪e-tron(进,"('69.28', '82.86')"
50-70万,宝马X5墨版,"('69.50', '82.00')"
50-70万,英菲尼迪Q50,"('38.98', '54.98')"
50-70万,坦途加版,"('48.50', '69.00')"
50-70万,奔驰CLA AMG,"('43.98', '59.98')"
50-70万,奔驰V级墨版,"('49.80', '79.80')"
50-70万,沃尔沃XC60新能源,"('52.79', '60.59')"
50-70万,奔驰GLE美版,"('68.50', '119.80')"
50-70万,FJ酷路泽中东版,"('50.80', '58.80')"
50-70万,奥迪Q7欧版,"('56.80', '75.00')"
50-70万,宝马iX3,"('46.99', '50.99')"
50-70万,奥迪Q7加版,"('69.00', '83.50')"
50-70万,奔驰GLC墨版,"('45.90', '56.80')"
50-70万,奥迪RS 3,"('51.38', '51.38')"
50-70万,公羊美版,"('45.80', '76.80')"
50-70万,奔驰E级新能源,"('50.98', '50.98')"
50-70万,酷路泽70系列中东版,"('59.80', '98.80')"
50-70万,奥迪TTS,"('59.78', '63.48')"
50-70万,发现5欧版,"('60.00', '92.80')"
50-70万,捷豹I-PACE,"('63.08', '71.68')"
50-70万,福特F-150加版,"('45.80', '58.00')"
50-70万,奔驰V级中东版,"('58.00', '68.00')"
50-70万,奔驰GLE墨版,"('69.80', '98.80')"
50-70万,奥迪Q5墨版,"('53.00', '62.00')"
70-100万,宝马X5,"('69.99', '86.39')"
70-100万,雷克萨斯RX,"('39.00', '81.00')"
70-100万,奔驰GLE,"('69.98', '135.38')"
70-100万,奥迪Q7,"('68.88', '86.68')"
70-100万,宝马7系,"('82.80', '242.80')"
70-100万,沃尔沃XC90,"('63.39', '83.39')"
70-100万,途锐,"('59.18', '82.18')"
70-100万,奥迪A8,"('84.28', '194.28')"
70-100万,奔驰S级,"('85.28', '181.88')"
70-100万,宝马X7,"('100.00', '178.80')"
70-100万,Panamera,"('97.30', '245.80')"
70-100万,奥迪Q8,"('76.88', '104.88')"
70-100万,奔驰E级(进口),"('42.58', '70.78')"
70-100万,Cayenne,"('91.30', '190.80')"
70-100万,揽胜运动版,"('90.48', '189.80')"
70-100万,奥迪A7,"('57.38', '70.48')"
70-100万,普拉多中东版,"('45.50', '85.80')"
70-100万,飞行家,"('50.98', '75.98')"
70-100万,兰德酷路泽中东版,"('69.80', '142.00')"
70-100万,Macan,"('54.50', '92.50')"
70-100万,宝马X6,"('76.69', '93.69')"
70-100万,保时捷718,"('54.50', '98.60')"
70-100万,大切诺基(进口),"('52.99', '71.49')"
70-100万,雷克萨斯LS,"('87.80', '118.00')"
70-100万,发现,"('66.98', '83.78')"
70-100万,揽胜星脉,"('57.28', '87.88')"
70-100万,路虎卫士,"('77.80', '95.80')"
70-100万,奔驰CLS,"('57.68', '78.98')"
70-100万,埃尔法,"('81.90', '87.30')"
70-100万,宝马8系,"('96.80', '126.80')"
70-100万,AMG GT,"('98.48', '229.88')"
70-100万,捷豹F-PACE,"('47.58', '78.78')"
70-100万,宝马M4,"('86.99', '128.89')"
70-100万,Ghibli,"('72.58', '97.88')"
70-100万,奥迪S5,"('61.98', '70.88')"
70-100万,公羊加版,"('43.80', '72.00')"
70-100万,Giulia,"('37.98', '125.98')"
70-100万,迈特威,"('42.80', '101.00')"
70-100万,Stelvio,"('45.68', '127.98')"
70-100万,途乐中东版,"('53.00', '86.80')"
70-100万,宝马M3,"('85.89', '108.89')"
70-100万,福特F-150,"('52.38', '118.00')"
70-100万,奔驰C级AMG,"('59.98', '116.08')"
70-100万,MODEL X,"('77.29', '100.00')"
70-100万,Levante,"('96.18', '122.98')"
70-100万,捷豹F-TYPE,"('58.20', '91.80')"
70-100万,Taycan,"('88.80', '179.80')"
70-100万,宝马X5加版,"('75.00', '98.00')"
70-100万,威尔法,"('80.50', '87.30')"
70-100万,奔驰GLC AMG,"('65.88', '128.88')"
70-100万,Model S,"('73.39', '117.49')"
70-100万,奥迪RS 5,"('83.68', '86.98')"
70-100万,沃尔沃S90新能源,"('49.99', '104.39')"
70-100万,红旗E-HS9,"('50.98', '72.98')"
70-100万,讴歌MDX,"('69.80', '84.80')"
70-100万,奔驰GLE AMG,"('98.88', '102.88')"
70-100万,宝马X5中东版,"('75.00', '85.80')"
70-100万,北京BJ90,"('69.80', '128.80')"
70-100万,奥迪RS 4,"('81.28', '82.28')"
70-100万,卡宴美版,"('90.00', '108.00')"
70-100万,沃尔沃XC90新能源,"('89.19', '128.58')"
70-100万,奥迪S6,"('92.98', '92.98')"
70-100万,超霸加版,"('55.60', '84.80')"
70-100万,奔驰E级AMG,"('89.58', '156.08')"
70-100万,挑战者美版,"('43.80', '185.00')"
70-100万,卡宴加版,"('96.80', '145.00')"
70-100万,奥迪e-tron(进,"('69.28', '82.86')"
70-100万,宝马X5墨版,"('69.50', '82.00')"
70-100万,Cayenne新能源,"('86.80', '101.20')"
70-100万,发现5加版,"('84.80', '92.80')"
70-100万,奔驰V级墨版,"('49.80', '79.80')"
70-100万,奔驰GLE美版,"('68.50', '119.80')"
70-100万,宝马X5新能源,"('84.99', '85.99')"
70-100万,奥迪Q7欧版,"('56.80', '75.00')"
70-100万,奥迪TT RS,"('76.98', '76.98')"
70-100万,奥迪Q7加版,"('69.00', '83.50')"
70-100万,宝马X4 M,"('86.99', '92.99')"
70-100万,公羊美版,"('45.80', '76.80')"
70-100万,酷路泽70系列中东版,"('59.80', '98.80')"
70-100万,奥迪Q8加版,"('75.00', '79.00')"
70-100万,奔驰GLE加版,"('72.00', '103.00')"
70-100万,领航员美版,"('98.00', '253.00')"
70-100万,雷克萨斯GX中东版,"('86.00', '117.00')"
70-100万,宝马X3 M,"('83.99', '89.99')"
70-100万,发现5欧版,"('60.00', '92.80')"
70-100万,捷豹I-PACE,"('63.08', '71.68')"
70-100万,斯宾特美版,"('86.00', '188.00')"
70-100万,宝马X7美版,"('94.00', '175.00')"
70-100万,奔驰GLE墨版,"('69.80', '98.80')"
70-100万,揽胜运动版新能源,"('86.48', '86.48')"
70-100万,卡宴墨版,"('100.00', '139.00')"
70-100万,揽胜运动欧版,"('78.00', '109.80')"
70-100万,奥迪Q7新能源,"('79.08', '79.08')"
70-100万,凯路威美版,"('78.80', '92.80')"
70-100万,宝马X5美版,"('81.00', '86.00')"
70-100万,卫士欧版,"('89.90', '130.00')"
70-100万,飞行家新能源,"('81.88', '81.88')"
70-100万,奥迪Q8欧版,"('100.00', '150.00')"
70-100万,揽胜运动加版,"('79.00', '106.80')"
70-100万,Levante美版,"('79.80', '120.00')"
70-100万,威霆中东版,"('75.00', '95.00')"
70-100万,奔驰GLE中东版,"('82.80', '88.00')"
70-100万,奥迪Q8美版,"('100.00', '110.00')"
70-100万,宝马X5欧版,"('62.50', '75.50')"
70-100万,沃尔沃XC90美版,"('79.80', '79.80')"
70-100万,勇猛者,"('77.80', '118.00')"
70-100万,林肯MKT美版,"('88.00', '88.00')"
70-100万,征服者墨版,"('95.00', '99.00')"
70-100万,奔驰V级欧版,"('98.80', '138.00')"
70-100万,高合HiPhi X,"('68.00', '80.00')"
70-100万,征服者加版,"('95.00', '95.00')"
70-100万,Sierra,"('62.80', '76.80')"
70-100万,Evora,"('97.20', '97.20')"
70-100万,Supra加版,"('99.00', '99.00')"
70-100万,沃尔沃XC90加版,"('73.80', '79.80')"
70-100万,威霆美版,"('75.00', '75.00')"
70-100万,发现4欧版,"('85.00', '85.00')"
70-100万,沃尔沃XC90墨版,"('72.80', '72.80')"
70-100万,宇通T7,"('38.80', '78.80')"
70-100万,铂驰大众T6系列,"('78.80', '78.80')"
70-100万,牧马人美版,暂无报价
70-100万,宇通凯伦宾威进口依维,"('89.80', '138.00')"
70-100万,Levante中东版,"('79.80', '125.00')"
70-100万,宝马X6加版,"('96.80', '98.50')"
70-100万,揽胜星脉加版,"('72.00', '75.00')"
70-100万,考斯特中东版,"('78.00', '130.00')"
70-100万,新凯威霆,"('90.80', '180.00')"
70-100万,威霆,暂无报价
70-100万,SIERRA加版,"('75.00', '85.00')"
70-100万,中欧斯宾特,暂无报价
70-100万,铂驰奔驰Sprint,"('78.80', '128.80')"
70-100万,铂驰奔驰V系列,"('89.80', '138.80')"
70-100万,飞驰威霆,"('68.00', '108.00')"
70-100万,中欧星锐,"('89.80', '89.80')"
70-100万,金旅大海狮新能源,"('75.00', '75.00')"
70-100万,铂驰依维柯房车系列,"('52.80', '79.80')"
70-100万,宝马X6墨版,"('86.80', '88.00')"
70-100万,铂驰维努斯系列V26,"('95.80', '118.80')"
70-100万,中欧维达莱斯,"('98.80', '98.80')"
70-100万,上喆V-Class,"('90.80', '102.80')"
70-100万,海格H6V,"('70.80', '70.80')"
100-150万,奔驰GLE,"('69.98', '135.38')"
100-150万,宝马7系,"('82.80', '242.80')"
100-150万,奥迪A8,"('84.28', '194.28')"
100-150万,奔驰S级,"('85.28', '181.88')"
100-150万,宝马X7,"('100.00', '178.80')"
100-150万,保时捷911,"('126.50', '247.30')"
100-150万,Panamera,"('97.30', '245.80')"
100-150万,揽胜,"('122.50', '321.30')"
100-150万,奔驰GLS,"('102.80', '129.90')"
100-150万,奥迪Q8,"('76.88', '104.88')"
100-150万,Cayenne,"('91.30', '190.80')"
100-150万,揽胜运动版,"('90.48', '189.80')"
100-150万,兰德酷路泽中东版,"('69.80', '142.00')"
100-150万,雷克萨斯LS,"('87.80', '118.00')"
100-150万,奔驰G级,"('142.98', '189.88')"
100-150万,领航员,"('109.80', '129.80')"
100-150万,迈巴赫S级,"('139.88', '319.88')"
100-150万,宝马M5,"('143.89', '146.89')"
100-150万,宝马8系,"('96.80', '126.80')"
100-150万,总裁,"('140.58', '194.08')"
100-150万,奥迪RS 7,"('144.88', '172.23')"
100-150万,AMG GT,"('98.48', '229.88')"
100-150万,宝马M4,"('86.99', '128.89')"
100-150万,雷克萨斯LX,"('129.10', '141.70')"
100-150万,Giulia,"('37.98', '125.98')"
100-150万,迈特威,"('42.80', '101.00')"
100-150万,Stelvio,"('45.68', '127.98')"
100-150万,宝马M3,"('85.89', '108.89')"
100-150万,福特F-150,"('52.38', '118.00')"
100-150万,奔驰C级AMG,"('59.98', '116.08')"
100-150万,Levante,"('96.18', '122.98')"
100-150万,Taycan,"('88.80', '179.80')"
100-150万,奔驰GLC AMG,"('65.88', '128.88')"
100-150万,Model S,"('73.39', '117.49')"
100-150万,沃尔沃S90新能源,"('49.99', '104.39')"
100-150万,奔驰GLE AMG,"('98.88', '102.88')"
100-150万,Panamera新能,"('116.80', '248.30')"
100-150万,北京BJ90,"('69.80', '128.80')"
100-150万,卡宴美版,"('90.00', '108.00')"
100-150万,沃尔沃XC90新能源,"('89.19', '128.58')"
100-150万,奔驰GLS美版,"('103.00', '124.80')"
100-150万,奔驰E级AMG,"('89.58', '156.08')"
100-150万,挑战者美版,"('43.80', '185.00')"
100-150万,奥迪S7,"('100.98', '100.98')"
100-150万,卡宴加版,"('96.80', '145.00')"
100-150万,奥迪RS 6,"('135.78', '177.39')"
100-150万,雷克萨斯LX中东版,"('148.00', '180.00')"
100-150万,雷克萨斯LC,"('115.50', '126.50')"
100-150万,Cayenne新能源,"('86.80', '101.20')"
100-150万,宝马X5 M,"('143.89', '143.89')"
100-150万,奔驰GLE美版,"('68.50', '119.80')"
100-150万,雷克萨斯LM,"('116.60', '146.60')"
100-150万,奔驰G级欧版,"('148.00', '388.00')"
100-150万,奔驰GLS加版,"('123.80', '220.00')"
100-150万,凯雷德ESCALAD,"('148.80', '148.80')"
100-150万,奔驰GLE加版,"('72.00', '103.00')"
100-150万,领航员美版,"('98.00', '253.00')"
100-150万,宝马X6 M,"('146.89', '146.89')"
100-150万,宝马X7加版,"('105.00', '143.00')"
100-150万,雷克萨斯GX中东版,"('86.00', '117.00')"
100-150万,斯宾特美版,"('86.00', '188.00')"
100-150万,总裁美版,"('119.00', '189.00')"
100-150万,宝马X7美版,"('94.00', '175.00')"
100-150万,埃尔法欧版,"('125.00', '130.00')"
100-150万,Suburban萨博,"('142.00', '142.00')"
100-150万,揽胜行政欧版,"('128.00', '215.00')"
100-150万,IMSA英飒-迈巴赫,"('145.88', '156.88')"
100-150万,奔驰S级美版,"('132.00', '199.00')"
100-150万,领航员加版,"('123.00', '203.00')"
100-150万,英菲尼迪QX80中东,"('106.00', '115.00')"
100-150万,卡宴墨版,"('100.00', '139.00')"
100-150万,Panamera加版,"('135.00', '175.00')"
100-150万,揽胜运动欧版,"('78.00', '109.80')"
100-150万,揽胜行政中东版,"('125.00', '159.00')"
100-150万,宝马7系新能源,"('106.80', '115.80')"
100-150万,雷克萨斯LX加版,"('139.00', '200.00')"
100-150万,雷克萨斯LM欧版,"('146.00', '235.00')"
100-150万,卫士欧版,"('89.90', '130.00')"
100-150万,揽胜新能源,"('132.30', '132.30')"
100-150万,奥迪Q8欧版,"('100.00', '150.00')"
100-150万,Ghibli美版,"('126.00', '129.00')"
100-150万,揽胜运动加版,"('79.00', '106.80')"
100-150万,科尔维特美版,"('150.00', '150.00')"
100-150万,Levante美版,"('79.80', '120.00')"
100-150万,X-BOW,"('139.80', '139.80')"
100-150万,揽胜行政美版,"('138.00', '148.00')"
100-150万,奥迪Q8美版,"('100.00', '110.00')"
100-150万,科尔维特加版,"('150.00', '150.00')"
100-150万,奔驰GLS欧版,"('115.00', '115.00')"
100-150万,勇猛者,"('77.80', '118.00')"
100-150万,奔驰GL中东版,"('130.00', '190.00')"
100-150万,揽胜行政加版,"('136.80', '368.00')"
100-150万,奔驰V级欧版,"('98.80', '138.00')"
100-150万,斯宾特,"('142.00', '192.80')"
100-150万,福特F450美版,"('120.00', '120.00')"
100-150万,奔驰GL加版,"('121.70', '159.00')"
100-150万,宇通凯伦宾威进口依维,"('89.80', '138.00')"
100-150万,Polestar 1,"('145.00', '145.00')"
100-150万,Levante中东版,"('79.80', '125.00')"
100-150万,迈莎锐MS580,"('141.80', '148.80')"
100-150万,Savana美版,"('123.00', '153.00')"
100-150万,总裁中东版,"('108.00', '128.00')"
100-150万,考斯特中东版,"('78.00', '130.00')"
100-150万,新凯威霆,"('90.80', '180.00')"
100-150万,领航员墨版,"('148.00', '148.00')"
100-150万,YUKON加版,"('146.00', '149.00')"
100-150万,中欧斯宾特,暂无报价
100-150万,IMSA英飒-奔驰S,"('130.18', '130.18')"
100-150万,铂驰奔驰Sprint,"('78.80', '128.80')"
100-150万,铂驰奔驰V系列,"('89.80', '138.80')"
100-150万,飞驰威霆,"('68.00', '108.00')"
100-150万,YUKON墨版,"('120.00', '120.00')"
100-150万,总裁加版,"('116.80', '140.00')"
100-150万,铂驰维努斯系列V26,"('95.80', '118.80')"
150-300万,宝马7系,"('82.80', '242.80')"
150-300万,奥迪A8,"('84.28', '194.28')"
150-300万,奔驰S级,"('85.28', '181.88')"
150-300万,宝马X7,"('100.00', '178.80')"
150-300万,保时捷911,"('126.50', '247.30')"
150-300万,Panamera,"('97.30', '245.80')"
150-300万,揽胜,"('122.50', '321.30')"
150-300万,Cayenne,"('91.30', '190.80')"
150-300万,揽胜运动版,"('90.48', '189.80')"
150-300万,宝马M8,"('196.80', '256.80')"
150-300万,奔驰G级,"('142.98', '189.88')"
150-300万,迈巴赫S级,"('139.88', '319.88')"
150-300万,总裁,"('140.58', '194.08')"
150-300万,奥迪R8,"('195.28', '275.34')"
150-300万,奥迪RS 7,"('144.88', '172.23')"
150-300万,AMG GT,"('98.48', '229.88')"
150-300万,飞驰,"('251.80', '390.00')"
150-300万,欧陆,"('275.10', '420.00')"
150-300万,阿斯顿·马丁DB11,"('220.80', '298.80')"
150-300万,添越,"('246.20', '246.20')"
150-300万,法拉利F8,"('298.80', '341.80')"
150-300万,阿斯顿·马丁DBX,"('212.80', '319.80')"
150-300万,Taycan,"('88.80', '179.80')"
150-300万,Huracan,"('254.00', '390.00')"
150-300万,凯迪拉克总统一号,"('168.00', '358.00')"
150-300万,奔驰S级AMG,"('227.88', '307.88')"
150-300万,V8 Vantage,"('181.80', '259.80')"
150-300万,奔驰G级AMG,"('222.88', '245.88')"
150-300万,Panamera新能,"('116.80', '248.30')"
150-300万,奔驰E级AMG,"('89.58', '156.08')"
150-300万,挑战者美版,"('43.80', '185.00')"
150-300万,奥迪RS 6,"('135.78', '177.39')"
150-300万,雷克萨斯LX中东版,"('148.00', '180.00')"
150-300万,Urus,"('291.20', '294.11')"
150-300万,奔驰G级欧版,"('148.00', '388.00')"
150-300万,奔驰GLS加版,"('123.80', '220.00')"
150-300万,欧陆欧版,"('285.00', '530.00')"
150-300万,领航员美版,"('98.00', '253.00')"
150-300万,迈凯伦570,"('243.60', '270.80')"
150-300万,Roma,"('238.00', '238.00')"
150-300万,迈凯伦GT,"('198.80', '198.80')"
150-300万,Portofino,"('263.80', '263.80')"
150-300万,斯宾特美版,"('86.00', '188.00')"
150-300万,总裁美版,"('119.00', '189.00')"
150-300万,奔驰GLS AMG,"('179.98', '179.98')"
150-300万,奔驰G级美版,"('208.00', '378.00')"
150-300万,宝马X7美版,"('94.00', '175.00')"
150-300万,揽胜行政欧版,"('128.00', '215.00')"
150-300万,迈凯伦540C,"('220.00', '220.00')"
150-300万,IMSA英飒-迈巴赫,"('145.88', '156.88')"
150-300万,奔驰S级美版,"('132.00', '199.00')"
150-300万,领航员加版,"('123.00', '203.00')"
150-300万,林肯领袖一号,"('189.00', '189.00')"
150-300万,奔驰S级加版,"('168.00', '278.00')"
150-300万,迈凯伦600LT,"('292.30', '319.50')"
150-300万,路虎皇家一号,"('248.00', '328.00')"
150-300万,玛莎拉蒂MC20,"('210.00', '210.00')"
150-300万,Panamera加版,"('135.00', '175.00')"
150-300万,YUKON,"('155.00', '238.00')"
150-300万,迈巴赫S级美版,"('288.00', '400.00')"
150-300万,Panamera美版,"('165.00', '188.00')"
150-300万,揽胜行政中东版,"('125.00', '159.00')"
150-300万,凯雷德美版,"('188.00', '188.00')"
150-300万,雷克萨斯LX加版,"('139.00', '200.00')"
150-300万,雷克萨斯LM欧版,"('146.00', '235.00')"
150-300万,添越PHEV,"('219.70', '238.50')"
150-300万,凯雷德加版,"('168.00', '188.00')"
150-300万,GranTurism,"('219.80', '288.80')"
150-300万,讴歌NSX,"('289.00', '289.00')"
150-300万,GT-R加版,"('158.00', '168.00')"
150-300万,乌尼莫克,"('298.00', '298.00')"
150-300万,奔驰G级中东版,"('172.00', '345.00')"
150-300万,奔驰G级加版,"('225.00', '268.00')"
150-300万,福特E450美版,"('168.00', '168.00')"
150-300万,迈巴赫S级加版,"('298.00', '398.00')"
150-300万,飞驰美版,"('298.00', '298.00')"
150-300万,Lorinser M,"('218.80', '238.80')"
150-300万,迈凯伦p1欧规版,"('299.00', '299.00')"
150-300万,奔驰GL中东版,"('130.00', '190.00')"
150-300万,揽胜行政加版,"('136.80', '368.00')"
150-300万,飞驰欧版,"('278.00', '388.00')"
150-300万,斯宾特,"('142.00', '192.80')"
150-300万,添越美版,"('255.00', '315.00')"
150-300万,迈巴赫GLS,"('158.80', '368.00')"
150-300万,奔驰GL加版,"('121.70', '159.00')"
150-300万,添越欧版,"('278.00', '458.00')"
150-300万,Savana美版,"('123.00', '153.00')"
150-300万,GranCabrio,"('268.80', '302.80')"
150-300万,新凯威霆,"('90.80', '180.00')"
150-300万,中欧斯宾特,暂无报价
150-300万,YUKON美版,"('243.00', '243.00')"
300万以上,揽胜,"('122.50', '321.30')"
300万以上,迈巴赫S级,"('139.88', '319.88')"
300万以上,库里南,"('610.00', '780.00')"
300万以上,飞驰,"('251.80', '390.00')"
300万以上,欧陆,"('275.10', '420.00')"
300万以上,幻影,"('790.00', '920.00')"
300万以上,法拉利488,"('408.00', '449.90')"
300万以上,法拉利F8,"('298.80', '341.80')"
300万以上,古思特,"('450.00', '786.00')"
300万以上,阿斯顿·马丁DBX,"('212.80', '319.80')"
300万以上,Huracan,"('254.00', '390.00')"
300万以上,凯迪拉克总统一号,"('168.00', '358.00')"
300万以上,奔驰S级AMG,"('227.88', '307.88')"
300万以上,阿斯顿·马丁DBS,"('366.80', '500.70')"
300万以上,迈凯伦720S,"('339.80', '378.80')"
300万以上,法拉利812,"('485.90', '530.00')"
300万以上,Aventador,"('613.70', '920.47')"
300万以上,魅影,"('505.00', '875.00')"
300万以上,奔驰G级欧版,"('148.00', '388.00')"
300万以上,欧陆欧版,"('285.00', '530.00')"
300万以上,曜影,"('520.00', '620.00')"
300万以上,迈巴赫S级欧版,"('360.00', '2000.00')"
300万以上,Chiron,"('5788.00', '5788.00')"
300万以上,SF90 Strad,"('398.80', '398.80')"
300万以上,奔驰G级美版,"('208.00', '378.00')"
300万以上,迈凯伦600LT,"('292.30', '319.50')"
300万以上,路虎皇家一号,"('248.00', '328.00')"
300万以上,迈巴赫S级美版,"('288.00', '400.00')"
300万以上,迈巴赫S级墨版,"('428.00', '428.00')"
300万以上,迈巴赫S级欧版,"('360.00', '1688.00')"
300万以上,保时捷918欧版,"('2438.00', '2438.00')"
300万以上,奔驰G级中东版,"('172.00', '345.00')"
300万以上,保时捷911美版,"('360.00', '460.00')"
300万以上,迈巴赫S级加版,"('298.00', '398.00')"
300万以上,揽胜行政加版,"('136.80', '368.00')"
300万以上,Huayra,"('2900.00', '2900.00')"
300万以上,飞驰欧版,"('278.00', '388.00')"
300万以上,添越美版,"('255.00', '315.00')"
300万以上,迈巴赫GLS,"('158.80', '368.00')"
300万以上,乔治·巴顿美版,"('358.80', '358.80')"
300万以上,添越欧版,"('278.00', '458.00')"
300万以上,科尼赛克欧规版,"('2635.00', '2635.00')"
300万以上,GranCabrio,"('268.80', '302.80')"
300万以上,迈凯伦540C欧规版,"('330.00', '330.00')"
300万以上,迈凯伦570GT欧规,"('310.00', '310.00')"
300万以上,迈莎锐G级,"('385.00', '518.00')"
