国别,品牌
中国,长安
中国,吉利
中国,哈弗
中国,奇瑞
中国,比亚迪
中国,领克
中国,广汽传祺
中国,五菱汽车
中国,捷途
中国,宝骏
中国,长安欧尚
中国,荣威
中国,红旗
中国,上汽MAXUS
中国,江淮
中国,WEY
中国,名爵
中国,东风风行
中国,奔腾
中国,长城
中国,长安凯程
中国,新宝骏
中国,东风风神
中国,东风风光
中国,启辰
中国,金杯
中国,BEIJING汽车
中国,欧拉
中国,福田
中国,北汽新能源
中国,北京
中国,蔚来
中国,星途
中国,众泰
中国,东南
中国,江铃
中国,中华
中国,观致
中国,海马
中国,广汽埃安
中国,一汽
中国,小鹏汽车
中国,东风小康
中国,哪吒汽车
中国,长安跨越
中国,东风
中国,北汽昌河
中国,陆风
中国,思皓
中国,零跑汽车
中国,北汽制造
中国,猎豹汽车
中国,驭胜
中国,理想
中国,北汽幻速
中国,SWM斯威汽车
中国,黄海
中国,潍柴汽车
中国,开瑞
中国,汉腾汽车
中国,威马汽车
中国,几何汽车
中国,江铃集团新能源
中国,北汽威旺
中国,爱驰
中国,凯翼
中国,力帆汽车
中国,腾势
中国,君马汽车
中国,野马汽车
中国,R汽车
中国,华泰
中国,广汽集团
中国,莲花汽车
中国,中兴
中国,理念
中国,瑞驰新能源
中国,纳智捷
中国,汉龙汽车
中国,思铭
中国,比速汽车
中国,东风风度
中国,金龙
中国,九龙
中国,知豆
中国,福迪
中国,骐铃汽车
中国,前途汽车
中国,ARCFOX
中国,金旅
中国,威麟
中国,大乘汽车
中国,枫叶汽车
中国,广汽吉奥
中国,SRM鑫源
中国,宇通客车
中国,云度
中国,凌宝汽车
中国,SERES赛力斯
中国,HYCAN合创
中国,欧朗
中国,双环
中国,福汽启腾
中国,凯伦宾威
中国,雷丁
中国,国机智骏
中国,钧天汽车
中国,海格
中国,高合汽车
中国,成功汽车
中国,新特汽车
中国,全球鹰
中国,云雀汽车
中国,永源
中国,铂驰
中国,御捷新能源
中国,北汽道达
中国,远程汽车
中国,开沃汽车
中国,电咖汽车
中国,领途汽车
中国,国金汽车
中国,大运汽车
中国,天际汽车
中国,之诺
中国,银隆新能源
中国,东风富康
中国,天美汽车
中国,新凯汽车
中国,红星汽车
中国,华普
中国,卡威
中国,恒天
中国,华骐
中国,一汽凌河
中国,长江汽车
中国,飞碟汽车
中国,明君汽车
中国,速达
中国,裕路汽车
中国,华颂
中国,朗世
中国,博郡汽车
中国,奇点汽车
中国,拜腾
中国,车质尚
中国,长安
中国,吉利
中国,哈弗
中国,奇瑞
中国,比亚迪
中国,领克
中国,广汽传祺
中国,五菱汽车
中国,捷途
中国,宝骏
中国,长安欧尚
中国,荣威
中国,红旗
中国,上汽MAXUS
中国,江淮
中国,WEY
中国,名爵
中国,东风风行
中国,奔腾
中国,长城
中国,长安凯程
中国,新宝骏
中国,东风风神
中国,东风风光
中国,启辰
中国,金杯
中国,BEIJING汽车
中国,欧拉
中国,福田
中国,北汽新能源
中国,北京
中国,蔚来
中国,星途
中国,众泰
中国,东南
中国,江铃
中国,中华
中国,观致
中国,海马
中国,广汽埃安
中国,一汽
中国,小鹏汽车
中国,东风小康
中国,哪吒汽车
中国,长安跨越
中国,东风
中国,北汽昌河
中国,陆风
中国,思皓
中国,零跑汽车
中国,北汽制造
中国,猎豹汽车
中国,驭胜
中国,理想
中国,北汽幻速
中国,SWM斯威汽车
中国,黄海
中国,潍柴汽车
中国,开瑞
中国,汉腾汽车
中国,威马汽车
中国,几何汽车
中国,江铃集团新能源
中国,北汽威旺
中国,爱驰
中国,凯翼
中国,力帆汽车
中国,腾势
中国,君马汽车
中国,野马汽车
中国,R汽车
中国,华泰
中国,广汽集团
中国,莲花汽车
中国,中兴
中国,理念
中国,瑞驰新能源
中国,纳智捷
中国,汉龙汽车
中国,思铭
中国,比速汽车
中国,东风风度
中国,金龙
中国,九龙
中国,知豆
中国,福迪
中国,骐铃汽车
中国,前途汽车
中国,ARCFOX
中国,金旅
中国,威麟
中国,大乘汽车
中国,枫叶汽车
中国,广汽吉奥
中国,SRM鑫源
中国,宇通客车
中国,云度
中国,凌宝汽车
中国,SERES赛力斯
中国,HYCAN合创
中国,欧朗
中国,双环
中国,福汽启腾
中国,凯伦宾威
中国,雷丁
中国,国机智骏
中国,钧天汽车
中国,海格
中国,高合汽车
中国,成功汽车
中国,新特汽车
中国,全球鹰
中国,云雀汽车
中国,永源
中国,铂驰
中国,御捷新能源
中国,北汽道达
中国,远程汽车
中国,开沃汽车
中国,电咖汽车
中国,领途汽车
中国,国金汽车
中国,大运汽车
中国,天际汽车
中国,之诺
中国,银隆新能源
中国,东风富康
中国,天美汽车
中国,新凯汽车
中国,红星汽车
中国,华普
中国,卡威
中国,恒天
中国,华骐
中国,一汽凌河
中国,长江汽车
中国,飞碟汽车
中国,明君汽车
中国,速达
中国,裕路汽车
中国,华颂
中国,朗世
中国,博郡汽车
中国,奇点汽车
中国,拜腾
中国,车质尚
德国,大众
德国,宝马
德国,奥迪
德国,奔驰
德国,保时捷
德国,捷达
德国,宝沃
德国,smart
德国,迈巴赫
德国,巴博斯
德国,ALPINA
德国,Lorinser
德国,Mansory
德国,欧宝
德国,如虎
德国,威兹曼
德国,卡尔森
德国,罗夫哈特
德国,泰卡特
日本,丰田
日本,本田
日本,日产
日本,雷克萨斯
日本,马自达
日本,三菱
日本,铃木
日本,斯巴鲁
日本,英菲尼迪
日本,讴歌
日本,五十铃
日本,大发
日本,光冈
美国,别克
美国,福特
美国,凯迪拉克
美国,雪佛兰
美国,林肯
美国,Jeep
美国,特斯拉
美国,道奇
美国,克莱斯勒
美国,GMC
美国,悍马
美国,乔治·巴顿
美国,赛麟
美国,LOCAL MOTORS
韩国,现代
韩国,起亚
韩国,双龙
法国,标致
法国,雪铁龙
法国,雷诺
法国,DS
法国,布加迪
英国,路虎
英国,捷豹
英国,MINI
英国,宾利
英国,阿斯顿·马丁
英国,劳斯莱斯
英国,迈凯伦
英国,路特斯
英国,摩根
意大利,依维柯
意大利,玛莎拉蒂
意大利,法拉利
意大利,阿尔法·罗密欧
意大利,兰博基尼
意大利,菲亚特
意大利,帕加尼
瑞典,沃尔沃
瑞典,科尼赛克
瑞典,Polestar
瑞典,萨博
瑞典,NEVS国能汽车
荷兰,世爵
捷克,斯柯达
其他,KTM
其他,西雅特
