级别,车型,报价(单位：万)
微型车,欧拉黑猫,"('6.98', '8.48')"
微型车,小蚂蚁,"('6.68', '7.88')"
微型车,奔奔E-Star,"('2.98', '7.48')"
微型车,零跑T03,"('5.98', '7.58')"
微型车,欧拉白猫,"('7.18', '8.88')"
微型车,宏光MINI EV,"('2.88', '3.88')"
微型车,奔奔EV,"('4.98', '8.18')"
微型车,江淮iEV6E,"('5.95', '7.55')"
微型车,北汽新能源EC3,"('7.38', '7.98')"
微型车,比亚迪e1,"('5.99', '7.99')"
微型车,宝骏E100,"('4.98', '5.98')"
微型车,宝骏E200,"('5.48', '6.48')"
微型车,科莱威CLEVER,"('4.60', '6.00')"
微型车,江铃E200L,"('5.38', '6.38')"
微型车,新宝骏E300,"('6.48', '8.48')"
微型车,北汽EC100,"('4.58', '7.58')"
微型车,昌河北斗星,"('4.39', '4.49')"
微型车,江铃E200N,"('5.68', '6.68')"
微型车,易至EV3,"('6.68', '8.38')"
微型车,LITE,"('11.08', '12.68')"
微型车,凌宝BOX,"('3.38', '4.58')"
微型车,菲亚特500,"('20.98', '26.18')"
微型车,海马爱尚EV,"('3.98', '12.38')"
微型车,巴博斯 smart fortwo,"('20.78', '30.19')"
微型车,尼欧Ⅱ,"('3.99', '10.08')"
微型车,雷丁i3,"('4.98', '6.28')"
微型车,SITECH DEV 1,"('13.99', '16.49')"
微型车,国机智骏GC2,"('6.58', '8.18')"
微型车,国机智骏GC1,"('6.88', '8.38')"
微型车,幸福e+,"('5.98', '6.98')"
微型车,睿行ES30,"('6.68', '6.98')"
微型车,启能GEV 1,"('14.79', '15.59')"
微型车,迈迈,"('15.88', '16.88')"
微型车,朋克美美,"('2.98', '4.68')"
微型车,北汽新能源EC,暂无报价
微型车,比亚迪F0,"('3.79', '4.79')"
微型车,奥拓,"('4.18', '6.19')"
微型车,smart fortwo,暂无报价
微型车,奔奔,暂无报价
微型车,北斗星,暂无报价
微型车,乐驰,暂无报价
微型车,北斗星X5,暂无报价
微型车,众泰E200,暂无报价
微型车,知豆D2,暂无报价
微型车,奇瑞QQ3,暂无报价
微型车,奇瑞eQ,"('15.99', '17.19')"
微型车,悦悦,暂无报价
微型车,云100,暂无报价
微型车,芝麻,暂无报价
微型车,知豆D3,暂无报价
微型车,电咖·EV10,暂无报价
微型车,福莱尔,暂无报价
微型车,全球鹰K11,"('15.28', '18.18')"
微型车,江铃E100B,暂无报价
微型车,全球鹰K10,"('15.08', '15.08')"
微型车,全球鹰K12,暂无报价
小型车,威驰,"('7.38', '11.18')"
小型车,Polo,"('9.99', '12.39')"
小型车,YARiS L 致炫,"('7.78', '10.38')"
小型车,MINI,"('19.08', '37.68')"
小型车,飞度,"('7.38', '10.88')"
小型车,瑞纳,"('4.99', '7.39')"
小型车,悦翔,"('4.99', '6.79')"
小型车,宝骏310,"('3.68', '6.08')"
小型车,悦纳,暂无报价
小型车,焕驰,"('6.49', '6.89')"
小型车,YARiS L 致享,"('7.98', '10.58')"
小型车,威驰FS,"('7.18', '10.78')"
小型车,欧拉好猫,"('10.39', '14.39')"
小型车,MINI CLUBMAN,"('24.58', '32.58')"
小型车,LIFE,"('9.78', '11.28')"
小型车,宝马i3,"('30.58', '30.58')"
小型车,MINI JCW,"('32.58', '36.18')"
小型车,MINI JCW CLUBMAN,"('38.48', '40.98')"
小型车,零跑S01,"('11.99', '15.09')"
小型车,江淮iEV7,"('8.35', '8.95')"
小型车,俊风ER30,"('14.98', '14.98')"
小型车,雷丁i5,"('7.58', '7.58')"
小型车,速达SD01,"('15.00', '15.00')"
小型车,起亚K2,暂无报价
小型车,雨燕,暂无报价
小型车,赛欧,"('6.29', '7.99')"
小型车,骊威,暂无报价
小型车,晶锐,暂无报价
小型车,名爵3,暂无报价
小型车,锋范经典,暂无报价
小型车,KX CROSS,暂无报价
小型车,风云2,暂无报价
小型车,爱唯欧,暂无报价
小型车,奥迪A1,"('18.98', '21.85')"
小型车,夏利N5,暂无报价
小型车,EV系列,"('15.89', '18.99')"
小型车,长安CX20,暂无报价
小型车,悦翔V3,"('4.39', '5.29')"
小型车,羚羊,暂无报价
小型车,夏利N7,暂无报价
小型车,玛驰,"('5.98', '8.75')"
小型车,威志V5,暂无报价
小型车,奇瑞E3,暂无报价
小型车,威志V2,暂无报价
小型车,丘比特,暂无报价
小型车,长城M2,暂无报价
小型车,乐风RV,"('7.49', '9.99')"
小型车,夏利,暂无报价
小型车,秀尔,暂无报价
小型车,利亚纳A6,暂无报价
小型车,悦翔V5,暂无报价
小型车,长城C20R,暂无报价
小型车,思迪,暂无报价
小型车,派力奥,暂无报价
小型车,凯翼E3,暂无报价
小型车,欧朗,暂无报价
小型车,名爵3SW,"('8.77', '8.77')"
小型车,启辰R30,暂无报价
小型车,瑞奕,"('7.29', '9.99')"
小型车,派喜,暂无报价
小型车,森雅,暂无报价
小型车,威乐,暂无报价
小型车,传祺GA3S PHEV,"('16.48', '17.48')"
小型车,绅宝D20,暂无报价
小型车,标致207(进口),暂无报价
小型车,迷迪,暂无报价
小型车,江铃E160,暂无报价
小型车,和悦A30,暂无报价
小型车,伊比飒,暂无报价
小型车,全球鹰K17,暂无报价
小型车,欧力威EV,暂无报价
小型车,力帆330,暂无报价
小型车,中华H230EV,"('16.98', '17.98')"
小型车,力帆530,暂无报价
小型车,和悦A13RS,暂无报价
小型车,力帆330EV,暂无报价
紧凑型车,高尔夫,"('12.98', '18.02')"
紧凑型车,英朗,"('11.99', '12.59')"
紧凑型车,宝来,"('9.88', '15.70')"
紧凑型车,朗逸,"('9.99', '16.19')"
紧凑型车,速腾,"('12.89', '19.29')"
紧凑型车,轩逸,"('9.98', '14.30')"
紧凑型车,星瑞,"('11.37', '14.97')"
紧凑型车,思域,"('11.99', '16.99')"
紧凑型车,奥迪A3,"('19.32', '24.97')"
紧凑型车,福克斯,"('10.88', '15.38')"
紧凑型车,卡罗拉,"('10.98', '15.98')"
紧凑型车,明锐,"('9.99', '16.14')"
紧凑型车,逸动,"('7.29', '10.39')"
紧凑型车,雷凌,"('11.38', '15.28')"
紧凑型车,领克03,"('11.38', '24.88')"
紧凑型车,桑塔纳,"('8.69', '11.59')"
紧凑型车,科鲁泽,"('8.99', '12.29')"
紧凑型车,帝豪,"('6.98', '9.88')"
紧凑型车,马自达3 昂克赛拉,"('11.59', '18.99')"
紧凑型车,名爵6,"('9.38', '14.28')"
紧凑型车,帝豪GL,"('7.78', '13.98')"
紧凑型车,威朗,"('15.29', '18.29')"
紧凑型车,微蓝6,"('15.98', '19.98')"
紧凑型车,荣威i5,"('6.89', '11.59')"
紧凑型车,凯越,"('8.39', '9.99')"
紧凑型车,骐达TIIDA,"('9.99', '13.59')"
紧凑型车,艾瑞泽5,"('4.99', '8.58')"
紧凑型车,宝马1系,"('19.88', '26.38')"
紧凑型车,悦动,"('8.49', '11.59')"
紧凑型车,凌派,"('9.98', '16.98')"
紧凑型车,菲斯塔,"('11.98', '15.48')"
紧凑型车,奔驰A级,"('21.18', '29.98')"
紧凑型车,凌渡,"('14.29', '19.69')"
紧凑型车,起亚K3,"('9.88', '13.18')"
紧凑型车,科沃兹,"('7.99', '9.99')"
紧凑型车,缤瑞,"('7.58', '11.08')"
紧凑型车,名爵5,"('6.79', '10.49')"
紧凑型车,比亚迪F3,"('4.49', '5.08')"
紧凑型车,沃兰多,"('11.49', '15.99')"
紧凑型车,远景,"('4.99', '7.39')"
紧凑型车,领动,"('10.98', '14.68')"
紧凑型车,艾瑞泽5 PLUS,"('6.99', '9.99')"
紧凑型车,比亚迪e2,"('8.98', '14.48')"
紧凑型车,捷达VA3,"('6.58', '9.28')"
紧凑型车,伊兰特,"('9.98', '14.18')"
紧凑型车,启辰D60,"('6.98', '9.98')"
紧凑型车,标致408,"('11.77', '16.97')"
紧凑型车,福睿斯,"('8.08', '11.68')"
紧凑型车,高尔夫·嘉旅,"('12.88', '19.28')"
紧凑型车,享域,"('9.98', '16.69')"
紧凑型车,宝骏310W,"('4.28', '7.28')"
紧凑型车,艾瑞泽GX,"('7.59', '11.39')"
紧凑型车,秦Pro,"('7.98', '11.59')"
紧凑型车,昕锐,"('7.79', '9.99')"
紧凑型车,奔驰B级,"('23.98', '33.18')"
紧凑型车,逸动DT,"('5.29', '8.09')"
紧凑型车,嘉悦A5,"('8.48', '11.58')"
紧凑型车,雷克萨斯CT,"('21.50', '28.20')"
紧凑型车,秦Pro新能源,"('13.69', '20.69')"
紧凑型车,观致3,"('9.89', '15.39')"
紧凑型车,奔驰CLA,"('29.98', '38.58')"
紧凑型车,Aion S,"('13.98', '20.58')"
紧凑型车,宝马2系,"('26.38', '33.98')"
紧凑型车,蓝鸟,"('9.59', '13.39')"
紧凑型车,C-TREK蔚领,"('11.39', '15.89')"
紧凑型车,奕炫,"('6.99', '10.09')"
紧凑型车,荣威i6,"('8.98', '13.98')"
紧凑型车,昕动,"('7.79', '10.99')"
紧凑型车,阅朗,"('13.19', '14.69')"
紧凑型车,福瑞迪,"('7.88', '10.28')"
紧凑型车,荣威Ei5,"('12.88', '16.11')"
紧凑型车,荣威i6 MAX,"('10.98', '12.58')"
紧凑型车,秦新能源,"('12.99', '20.99')"
紧凑型车,奔驰A级(进口),"('23.28', '31.28')"
紧凑型车,东南A5翼舞,"('4.99', '7.89')"
紧凑型车,宝马1系(进口),"('23.18', '42.98')"
紧凑型车,卡罗拉双擎E+,"('20.78', '23.08')"
紧凑型车,新宝骏RC-5,"('5.98', '11.28')"
紧凑型车,逸动XT,"('7.79', '11.19')"
紧凑型车,思皓A5,"('7.88', '11.58')"
紧凑型车,福美来,"('6.88', '9.28')"
紧凑型车,奔驰A级AMG(进口),"('39.98', '57.98')"
紧凑型车,奥迪S3,"('36.38', '36.38')"
紧凑型车,R汽车 ER6,"('16.28', '20.08')"
紧凑型车,雷凌双擎E+,"('20.38', '21.88')"
紧凑型车,秦,"('6.49', '8.19')"
紧凑型车,高尔夫(进口),"('20.98', '37.28')"
紧凑型车,传祺GA4,"('7.38', '11.58')"
紧凑型车,BEIJING-EU5,"('12.99', '17.19')"
紧凑型车,奔驰A级AMG,"('39.98', '41.98')"
紧凑型车,比亚迪e3,"('10.38', '16.48')"
紧凑型车,荣威i6新能源,"('14.78', '20.18')"
紧凑型车,朗逸纯电,"('14.89', '14.89')"
紧凑型车,广汽丰田iA5,"('16.98', '19.28')"
紧凑型车,福克斯Active,"('13.98', '15.38')"
紧凑型车,帝豪新能源,"('13.58', '15.98')"
紧凑型车,欧拉iQ,"('11.48', '15.03')"
紧凑型车,领克03新能源,"('16.87', '19.87')"
紧凑型车,秦PLUS,"('10.58', '14.58')"
紧凑型车,高尔夫·纯电,"('14.77', '16.88')"
紧凑型车,奔驰CLA AMG,"('43.98', '59.98')"
紧凑型车,畅巡,"('15.99', '17.99')"
紧凑型车,几何A,"('15.00', '19.00')"
紧凑型车,北汽昌河A6,"('5.98', '9.98')"
紧凑型车,景逸S50,"('4.89', '15.18')"
紧凑型车,奥迪RS 3,"('51.38', '51.38')"
紧凑型车,逸动新能源,"('12.99', '13.99')"
紧凑型车,名爵6新能源,"('14.58', '17.58')"
紧凑型车,奥迪A3(进口),"('33.58', '33.58')"
紧凑型车,BEIJING-U5,"('6.99', '9.99')"
紧凑型车,轩逸·纯电,"('23.80', '25.40')"
紧凑型车,艾瑞泽5e,"('15.98', '15.98')"
紧凑型车,菲斯塔纯电动,"('17.38', '19.88')"
紧凑型车,宝来·纯电,"('13.68', '14.68')"
紧凑型车,东风风神E70,"('13.58', '15.98')"
紧凑型车,帝豪GL新能源,"('15.28', '16.48')"
紧凑型车,奔腾B30EV,"('18.98', '18.98')"
紧凑型车,福克斯(进口),"('24.28', '37.88')"
紧凑型车,艾瑞泽e,"('10.98', '15.48')"
紧凑型车,雪铁龙C3L,"('8.49', '10.59')"
紧凑型车,启辰D60EV,"('15.01', '17.88')"
紧凑型车,江淮iEVA50,"('13.95', '14.55')"
紧凑型车,领动插电混动,"('15.78', '17.88')"
紧凑型车,逸动ET,"('13.29', '14.29')"
紧凑型车,高尔夫新能源(进口),"('24.08', '24.08')"
紧凑型车,俊风E11K,"('23.38', '23.38')"
紧凑型车,风行S50EV,"('13.99', '24.07')"
紧凑型车,江淮iC5,"('14.99', '17.59')"
紧凑型车,起亚K3新能源,"('20.98', '25.98')"
紧凑型车,奕炫EV,"('14.98', '15.98')"
紧凑型车,Polestar 2,"('33.80', '41.80')"
紧凑型车,e爱丽舍,"('12.98', '13.98')"
紧凑型车,绎乐,"('16.78', '18.98')"
紧凑型车,速达SA01,"('17.00', '17.00')"
紧凑型车,凯翼E5 EV,"('13.98', '14.58')"
紧凑型车,LEON,暂无报价
紧凑型车,朗动,"('11.58', '12.78')"
紧凑型车,捷达,"('7.98', '10.68')"
紧凑型车,标致308,暂无报价
紧凑型车,科鲁兹,暂无报价
紧凑型车,雪铁龙C4L,暂无报价
紧凑型车,奔腾B50,暂无报价
紧凑型车,标致307,暂无报价
紧凑型车,爱丽舍,暂无报价
紧凑型车,天语 SX4,暂无报价
紧凑型车,速锐,暂无报价
紧凑型车,阳光,暂无报价
紧凑型车,沃尔沃V40,暂无报价
紧凑型车,标致301,暂无报价
紧凑型车,启悦,暂无报价
紧凑型车,北汽新能源EU,"('7.98', '7.98')"
紧凑型车,甲壳虫,暂无报价
紧凑型车,翼神,暂无报价
紧凑型车,东风风神A60,暂无报价
紧凑型车,朗行,"('11.29', '16.29')"
紧凑型车,长城C50,暂无报价
紧凑型车,世嘉,暂无报价
紧凑型车,菲翔,暂无报价
紧凑型车,绅宝D50,暂无报价
紧凑型车,海马M3,暂无报价
紧凑型车,荣威360,暂无报价
紧凑型车,艾瑞泽7,暂无报价
紧凑型车,奔腾B30,暂无报价
紧凑型车,比亚迪L3,暂无报价
紧凑型车,马自达3星骋,暂无报价
紧凑型车,和悦,暂无报价
紧凑型车,比亚迪e5,"('22.07', '23.07')"
紧凑型车,中华H530,"('8.58', '13.98')"
紧凑型车,东风风神H30,暂无报价
紧凑型车,Veloster飞思,"('17.28', '21.98')"
紧凑型车,莲花L3,暂无报价
紧凑型车,标致308s,暂无报价
紧凑型车,蓝瑟,暂无报价
紧凑型车,比亚迪G3,暂无报价
紧凑型车,中华H330,暂无报价
紧凑型车,沃尔沃S40,暂无报价
紧凑型车,传祺GA3,暂无报价
紧凑型车,莲花L5,暂无报价
紧凑型车,比亚迪G5,"('7.59', '10.29')"
紧凑型车,致悦,暂无报价
紧凑型车,天语 尚悦,暂无报价
紧凑型车,骏派A50,暂无报价
紧凑型车,众泰Z360,暂无报价
紧凑型车,传祺GA3S视界,暂无报价
紧凑型车,VELITE 5,暂无报价
紧凑型车,LANCER,暂无报价
紧凑型车,朗境,"('14.89', '17.19')"
紧凑型车,中华H320,暂无报价
紧凑型车,福美来F5,暂无报价
紧凑型车,锐行,暂无报价
紧凑型车,起亚K3S,暂无报价
紧凑型车,长城C30新能源,暂无报价
紧凑型车,V3菱悦,暂无报价
紧凑型车,纳5,暂无报价
紧凑型车,中华H3,暂无报价
紧凑型车,艾瑞泽3,暂无报价
紧凑型车,DS 5LS,暂无报价
紧凑型车,风朗,"('16.58', '18.98')"
紧凑型车,东风风神A30,"('5.97', '8.57')"
紧凑型车,东风风神L60,暂无报价
紧凑型车,骏派CX65,暂无报价
紧凑型车,骏派A70,暂无报价
紧凑型车,路盛E70,暂无报价
紧凑型车,启辰R50X,"('7.45', '9.28')"
紧凑型车,众泰Z300,"('5.49', '7.58')"
紧凑型车,伊兰特EV,暂无报价
紧凑型车,博悦,暂无报价
紧凑型车,竞速,暂无报价
紧凑型车,梅甘娜,"('33.99', '35.99')"
紧凑型车,风迪思,暂无报价
紧凑型车,绅宝CC,暂无报价
紧凑型车,锐3,暂无报价
紧凑型车,标致307(进口),暂无报价
紧凑型车,奥迪A3新能源(进口),"('39.98', '39.98')"
紧凑型车,晨风,"('24.28', '26.18')"
紧凑型车,力帆X50,暂无报价
紧凑型车,竞悦,暂无报价
紧凑型车,绅宝D60,暂无报价
紧凑型车,力帆720,暂无报价
紧凑型车,海尚,暂无报价
紧凑型车,力帆650EV,暂无报价
紧凑型车,富康ES500,暂无报价
紧凑型车,海马E3,暂无报价
紧凑型车,赛豹III,暂无报价
紧凑型车,力帆630,暂无报价
紧凑型车,力帆620,暂无报价
紧凑型车,骏派A70E,暂无报价
紧凑型车,力帆620EV,"('21.98', '21.98')"
中型车,君威,"('17.28', '25.98')"
中型车,君越,"('21.98', '28.98')"
中型车,凯美瑞,"('17.98', '27.98')"
中型车,奥迪A4L,"('30.58', '39.68')"
中型车,雅阁,"('17.98', '25.98')"
中型车,迈腾,"('18.69', '30.99')"
中型车,宝马3系,"('29.39', '40.99')"
中型车,奔驰C级,"('30.78', '47.48')"
中型车,凯迪拉克CT5,"('27.97', '34.17')"
中型车,帕萨特,"('18.59', '28.29')"
中型车,亚洲龙,"('19.98', '28.98')"
中型车,凯迪拉克CT4,"('23.97', '25.97')"
中型车,天籁,"('17.98', '26.98')"
中型车,迈锐宝XL,"('15.49', '21.99')"
中型车,沃尔沃S60,"('28.69', '38.09')"
中型车,一汽-大众CC,"('24.68', '30.18')"
中型车,红旗H5,"('14.58', '19.08')"
中型车,锐程CC,"('9.49', '12.89')"
中型车,奥迪A5,"('37.18', '55.18')"
中型车,博瑞,"('13.68', '17.98')"
中型车,阿特兹,"('17.58', '24.78')"
中型车,蒙迪欧,"('19.28', '27.98')"
中型车,标致508,"('15.97', '22.57')"
中型车,宝马4系,"('35.98', '61.68')"
中型车,Model 3,"('26.57', '41.98')"
中型车,名图,"('13.38', '16.98')"
中型车,金牛座,"('22.89', '28.89')"
中型车,速派,"('15.49', '22.99')"
中型车,林肯MKZ,"('25.58', '36.98')"
中型车,英菲尼迪Q50L,"('26.48', '38.98')"
中型车,捷豹XEL,"('28.98', '38.06')"
中型车,宝马3系GT,"('35.98', '43.98')"
中型车,沃尔沃V60,"('30.43', '43.99')"
中型车,奥迪S4,"('45.98', '46.88')"
中型车,INSPIRE,"('18.28', '24.98')"
中型车,小鹏汽车P7,"('22.99', '40.99')"
中型车,雪铁龙C6,"('18.99', '27.59')"
中型车,奔驰C级(进口),"('34.68', '45.98')"
中型车,传祺GA6,"('10.88', '16.88')"
中型车,索纳塔,"('16.18', '20.58')"
中型车,蓝鸟,"('9.59', '13.39')"
中型车,奥迪A4(进口),"('34.18', '42.78')"
中型车,K5凯酷,"('16.18', '20.58')"
中型车,宝马M4,"('86.99', '128.89')"
中型车,奥迪S5,"('61.98', '70.88')"
中型车,Giulia,"('37.98', '125.98')"
中型车,BEIJING-U7,"('8.79', '12.29')"
中型车,宝马M3,"('85.89', '108.89')"
中型车,新宝骏RC-6,"('8.48', '12.38')"
中型车,奔驰C级AMG,"('59.98', '116.08')"
中型车,帕萨特新能源,"('24.39', '25.39')"
中型车,力狮,"('20.48', '24.78')"
中型车,蔚揽,"('24.38', '39.28')"
中型车,奥迪RS 5,"('83.68', '86.98')"
中型车,奥迪RS 4,"('81.28', '82.28')"
中型车,沃尔沃S60(进口),暂无报价
中型车,雷克萨斯IS,"('29.80', '41.30')"
中型车,英菲尼迪Q50,"('38.98', '54.98')"
中型车,凯绅,"('13.03', '14.98')"
中型车,捷豹XE,"('43.68', '44.80')"
中型车,博瑞新能源,"('16.98', '18.38')"
中型车,索纳塔插电混动,"('22.28', '25.68')"
中型车,BEIJING-EU7,"('15.99', '17.59')"
中型车,迈腾新能源,"('25.39', '26.89')"
中型车,起亚K5新能源,"('22.28', '23.98')"
中型车,沃尔沃S60新能源,"('39.99', '46.19')"
中型车,DS 9,"('24.99', '33.99')"
中型车,NEVS 93,"('16.98', '16.98')"
中型车,ALPINA B4,"('109.80', '109.80')"
中型车,迈锐宝,"('16.49', '18.99')"
中型车,雪铁龙C5,暂无报价
中型车,凯迪拉克ATS-L,暂无报价
中型车,马自达6,暂无报价
中型车,锐志,暂无报价
中型车,歌诗图,暂无报价
中型车,思铂睿,"('17.99', '26.79')"
中型车,睿骋CC,暂无报价
中型车,睿翼,暂无报价
中型车,致胜,暂无报价
中型车,起亚K4,"('12.88', '18.88')"
中型车,比亚迪G6,暂无报价
中型车,讴歌TLX-L,暂无报价
中型车,传祺GA5,暂无报价
中型车,奔腾B90,暂无报价
中型车,荣威950,暂无报价
中型车,Model 3(进口),暂无报价
中型车,西玛,"('23.48', '26.78')"
中型车,思锐,暂无报价
中型车,睿骋,暂无报价
中型车,海马M6,暂无报价
中型车,凯泽西,暂无报价
中型车,腾势,"('29.88', '32.88')"
中型车,众泰Z560,暂无报价
中型车,华泰B11,暂无报价
中型车,拉古那,暂无报价
中型车,ATENZA,暂无报价
中型车,荣威e950,暂无报价
中型车,纬度,暂无报价
中型车,DS 5(进口),暂无报价
中型车,海马M8,"('10.68', '14.98')"
中型车,力帆820,暂无报价
中型车,江淮iEVA60,暂无报价
中型车,Saab 9-3,暂无报价
中型车,众泰Z500新能源,暂无报价
中大型车,宝马5系,"('42.69', '54.99')"
中大型车,奥迪A6L,"('41.98', '65.38')"
中大型车,奔驰E级,"('43.08', '64.28')"
中大型车,雷克萨斯ES,"('29.00', '48.30')"
中大型车,凯迪拉克CT6,"('37.97', '48.97')"
中大型车,沃尔沃S90,"('37.29', '50.59')"
中大型车,辉昂,"('34.00', '63.90')"
中大型车,红旗H9,"('30.98', '53.98')"
中大型车,奥迪A7,"('57.38', '70.48')"
中大型车,金牛座,"('22.89', '28.89')"
中大型车,宝马5系(进口),"('42.39', '60.39')"
中大型车,汉,"('21.98', '27.95')"
中大型车,奔驰E级(进口),"('42.58', '70.78')"
中大型车,捷豹XFL,"('37.58', '57.88')"
中大型车,宝马6系GT,"('58.39', '68.39')"
中大型车,奥迪A6(进口),"('44.98', '56.98')"
中大型车,林肯大陆,"('36.08', '55.58')"
中大型车,奔驰CLS,"('57.68', '78.98')"
中大型车,宝马M5,"('143.89', '146.89')"
中大型车,红旗H7,"('25.28', '31.78')"
中大型车,捷豹XF,"('45.58', '58.28')"
中大型车,Ghibli,"('72.58', '97.88')"
中大型车,沃尔沃V90,"('44.39', '55.69')"
中大型车,奥迪RS 7,"('144.88', '172.23')"
中大型车,宝马5系新能源,"('49.99', '53.69')"
中大型车,传祺GA8,"('15.68', '22.68')"
中大型车,英菲尼迪Q70,"('38.18', '43.98')"
中大型车,Taycan,"('88.80', '179.80')"
中大型车,Model S,"('73.39', '117.49')"
中大型车,沃尔沃S90新能源,"('49.99', '104.39')"
中大型车,奥迪S6,"('92.98', '92.98')"
中大型车,奔驰E级AMG,"('89.58', '156.08')"
中大型车,奥迪S7,"('100.98', '100.98')"
中大型车,奥迪RS 6,"('135.78', '177.39')"
中大型车,奥迪A6L新能源,"('50.80', '50.80')"
中大型车,奔驰E级新能源,"('50.98', '50.98')"
中大型车,蔚来ET7,"('44.80', '52.60')"
中大型车,Ghibli美版,"('126.00', '129.00')"
中大型车,皇冠,暂无报价
中大型车,凯迪拉克XTS,暂无报价
中大型车,林荫大道,暂无报价
中大型车,宝马6系,"('85.80', '171.80')"
中大型车,沃尔沃S80L,暂无报价
中大型车,宝马M6,"('179.80', '179.80')"
中大型车,荣御,暂无报价
中大型车,克莱斯勒300C(进口),暂无报价
中大型车,克莱斯勒300C,暂无报价
中大型车,奔驰CLS级AMG,"('165.18', '173.58')"
中大型车,捷恩斯,"('37.80', '64.88')"
中大型车,凯迪拉克CT6 PLUG-IN,"('55.88', '65.88')"
中大型车,起亚K9,暂无报价
中大型车,斯汀格,"('27.98', '31.98')"
中大型车,EH系列,暂无报价
中大型车,如虎 XL,"('350.00', '350.00')"
MPV,别克GL8,"('23.29', '52.99')"
MPV,奥德赛,"('22.98', '37.68')"
MPV,传祺M8,"('17.98', '26.48')"
MPV,传祺M6,"('10.98', '15.98')"
MPV,宝骏730,"('6.08', '10.88')"
MPV,别克GL6,"('13.99', '16.99')"
MPV,艾力绅,"('24.98', '32.88')"
MPV,宋MAX,"('7.99', '12.99')"
MPV,途安,"('15.18', '19.48')"
MPV,上汽大通MAXUS G10,"('13.98', '22.98')"
MPV,菱智,"('5.99', '9.99')"
MPV,五菱宏光,"('4.28', '5.88')"
MPV,新宝骏RM-5,"('7.88', '12.08')"
MPV,嘉际,暂无报价
MPV,上汽大通MAXUS G50,"('8.68', '16.70')"
MPV,威霆,"('28.98', '34.18')"
MPV,塞纳加版,"('48.00', '69.80')"
MPV,瑞风M3,"('5.98', '9.48')"
MPV,上汽大通MAXUS G20,"('18.68', '28.98')"
MPV,长安睿行M60,"('5.19', '6.52')"
MPV,瑞风M4,"('9.98', '15.98')"
MPV,五菱荣光,"('3.68', '5.38')"
MPV,途睿欧,"('17.69', '27.58')"
MPV,埃尔法,"('81.90', '87.30')"
MPV,五菱之光,"('3.23', '3.66')"
MPV,宋MAX新能源,"('14.99', '19.98')"
MPV,夏朗,"('24.68', '34.38')"
MPV,奔驰V级,"('47.18', '65.18')"
MPV,五菱荣光V,"('3.98', '4.98')"
MPV,五菱宏光V,"('4.18', '5.45')"
MPV,风光330,"('3.69', '5.19')"
MPV,迈特威,"('42.80', '101.00')"
MPV,塞纳美版,"('43.80', '58.80')"
MPV,阁瑞斯,"('8.88', '27.78')"
MPV,瑞风M5,"('13.95', '16.65')"
MPV,长安欧尚A800,"('6.59', '7.89')"
MPV,东风小康C37,"('5.18', '6.18')"
MPV,瑞风,"('9.99', '16.38')"
MPV,海狮X30L,"('4.68', '5.88')"
MPV,蒙派克E,"('7.46', '10.85')"
MPV,北汽威旺M30,"('4.48', '5.58')"
MPV,小海狮X30,"('3.39', '4.68')"
MPV,塞纳墨版,"('50.00', '64.50')"
MPV,欧诺S,"('3.99', '5.59')"
MPV,宝马2系多功能旅行车,"('26.38', '29.98')"
MPV,长安之星9,"('4.78', '5.48')"
MPV,北汽幻速H2,"('3.98', '6.68')"
MPV,凯路威,"('35.50', '38.20')"
MPV,金杯F50,"('6.25', '10.89')"
MPV,奔驰V级墨版,"('49.80', '79.80')"
MPV,雷克萨斯LM,"('116.60', '146.60')"
MPV,睿行S50,"('4.89', '7.79')"
MPV,东风小康K07S,"('2.89', '3.39')"
MPV,五菱EV50,"('10.80', '11.98')"
MPV,C4 PICASSO,"('21.68', '26.58')"
MPV,Espace,"('25.88', '32.88')"
MPV,瑞驰新能源EC35,"('10.28', '10.28')"
MPV,五菱荣光EV,"('8.38', '9.01')"
MPV,埃尔法欧版,"('125.00', '130.00')"
MPV,汉腾V7,"('7.99', '13.59')"
MPV,大捷龙(进口),"('49.69', '49.69')"
MPV,长安之星5,"('3.49', '3.94')"
MPV,奔驰V级中东版,"('58.00', '68.00')"
MPV,东风小康K05S,"('2.89', '3.59')"
MPV,斯派卡,"('4.99', '7.58')"
MPV,东风小康C56,"('5.58', '5.98')"
MPV,普瑞维亚中东版,"('35.80', '48.00')"
MPV,大捷龙PHEV(进口),"('49.69', '49.69')"
MPV,北汽威旺M20,"('3.68', '4.18')"
MPV,凯路威美版,"('78.80', '92.80')"
MPV,雷克萨斯LM欧版,"('146.00', '235.00')"
MPV,伽途ix5,"('4.19', '5.89')"
MPV,东风小康EC36,"('8.29', '10.79')"
MPV,五菱之光V,"('3.38', '3.68')"
MPV,北汽EV5,"('10.38', '11.38')"
MPV,优优,"('3.45', '4.64')"
MPV,优优EV,"('8.98', '12.28')"
MPV,乐途,"('3.58', '5.98')"
MPV,北汽幻速H2V,"('3.58', '3.98')"
MPV,北汽威旺306,"('3.18', '4.68')"
MPV,菱智M5EV,"('15.79', '16.99')"
MPV,启腾EX80,暂无报价
MPV,北汽昌河M50S,"('4.08', '5.38')"
MPV,上汽MAXUS EG10,"('30.28', '41.68')"
MPV,艾菲,"('12.98', '31.28')"
MPV,好运1号,"('12.68', '13.78')"
MPV,伽途ix7,"('5.39', '6.59')"
MPV,东风小康C35,"('5.08', '5.38')"
MPV,奔驰V级欧版,"('98.80', '138.00')"
MPV,长安之星9新能源,"('13.18', '13.98')"
MPV,东风小康C36,"('4.98', '5.28')"
MPV,风景V5,"('3.68', '5.18')"
MPV,成功V1,"('3.28', '4.00')"
MPV,海狮EV,"('12.68', '17.08')"
MPV,佳宝V77,"('3.09', '3.59')"
MPV,睿行S50T,"('6.19', '7.89')"
MPV,佳宝V80,"('4.09', '5.39')"
MPV,北汽威旺307,"('4.38', '5.18')"
MPV,上汽MAXUS EV30,"('12.87', '18.17')"
MPV,新凯威霆,"('90.80', '180.00')"
MPV,成功V2,"('3.68', '4.20')"
MPV,俊风,"('3.98', '4.55')"
MPV,威霆,暂无报价
MPV,启腾M70,"('3.39', '4.59')"
MPV,佳宝V75,"('2.89', '3.09')"
MPV,启腾M70EV,"('9.58', '13.28')"
MPV,瑞驰新能源EK05,"('5.29', '5.29')"
MPV,开沃D07创业者,"('10.48', '10.88')"
MPV,好运2号,"('11.68', '11.88')"
MPV,风景V3,"('3.28', '3.48')"
MPV,小海狮EV,"('11.58', '11.78')"
MPV,星旺,"('2.59', '2.98')"
MPV,鑫源X30L,"('5.70', '6.38')"
MPV,海豚EV,"('12.68', '14.88')"
MPV,佳宝V80新能源,"('11.98', '13.68')"
MPV,瑞驰新能源EK07S,"('7.98', '7.98')"
MPV,飞碟Q2V,"('11.28', '11.28')"
MPV,海格H4E,"('22.30', '25.80')"
MPV,九龙EM3,"('8.58', '10.18')"
MPV,铂驰依维柯房车系列,"('52.80', '79.80')"
MPV,北汽小河马,"('10.78', '11.08')"
MPV,成功BEV6,"('11.98', '11.98')"
MPV,铂驰维努斯系列V260定制商务车,"('95.80', '118.80')"
MPV,云度V01L,"('12.98', '12.98')"
MPV,风景V5新能源,"('12.66', '12.66')"
MPV,上喆V-Class,"('90.80', '102.80')"
MPV,开沃D08,"('8.80', '8.80')"
MPV,星旺CL,"('3.68', '4.58')"
MPV,优优2代,"('3.40', '4.30')"
MPV,风行CM7,暂无报价
MPV,奔驰R级,"('54.88', '72.68')"
MPV,唯雅诺,暂无报价
MPV,瑞风R3,暂无报价
MPV,开瑞K50,暂无报价
MPV,比亚迪e6,暂无报价
MPV,风光370,暂无报价
MPV,逸致,"('14.98', '18.98')"
MPV,风行S500,暂无报价
MPV,帅客,暂无报价
MPV,华晨金杯750,暂无报价
MPV,风行M6,暂无报价
MPV,瑞风M2,暂无报价
MPV,轩朗,暂无报价
MPV,日产NV200,暂无报价
MPV,比亚迪M6,"('10.39', '15.39')"
MPV,贵士,"('46.80', '46.80')"
MPV,风行F600,暂无报价
MPV,马自达5,暂无报价
MPV,马自达8,暂无报价
MPV,瑞风M6,暂无报价
MPV,普瑞维亚,"('36.38', '61.00')"
MPV,大7 MPV,暂无报价
MPV,Savana,暂无报价
MPV,浪迪,暂无报价
MPV,Sienna,"('45.00', '52.00')"
MPV,北汽昌河M70,暂无报价
MPV,北汽幻速H3F,暂无报价
MPV,英致737,暂无报价
MPV,大捷龙,暂无报价
MPV,威麟V5,暂无报价
MPV,北汽威旺M50F,暂无报价
MPV,凯领,暂无报价
MPV,森雅,暂无报价
MPV,北汽幻速H3,暂无报价
MPV,福美来F7,暂无报价
MPV,福美来MPV,"('7.98', '12.89')"
MPV,君阁,暂无报价
MPV,森雅M80,暂无报价
MPV,起亚VQ,暂无报价
MPV,英致727,暂无报价
MPV,东风风光360,暂无报价
MPV,艾瑞泽M7,暂无报价
MPV,路帝,"('21.98', '26.98')"
MPV,伽途im8,暂无报价
MPV,伽途im6,暂无报价
MPV,道达V8,暂无报价
MPV,菱绅,暂无报价
MPV,国金GM3,暂无报价
MPV,H-1辉翼,"('21.18', '24.98')"
MPV,哈飞小霸王,"('3.28', '3.78')"
MPV,丰顺,"('3.28', '4.94')"
MPV,海星A7,"('2.59', '2.59')"
MPV,星朗,暂无报价
MPV,C-MAX,暂无报价
MPV,银隆艾菲,"('43.00', '43.00')"
MPV,中意V5,"('3.87', '4.37')"
MPV,民意,"('2.89', '2.89')"
MPV,众泰V10,"('3.78', '5.08')"
MPV,海星A9,"('2.89', '3.39')"
MPV,兴顺,"('3.78', '4.58')"
MPV,福顺,"('2.78', '3.18')"
MPV,野马EC30,暂无报价
MPV,骏意,"('4.14', '4.44')"
MPV,开瑞K50EV,暂无报价
MPV,永源五星,暂无报价
SUV,哈弗H6,"('9.80', '15.49')"
SUV,昂科威,"('18.99', '27.99')"
SUV,昂科旗,"('27.99', '37.99')"
SUV,探岳,"('18.59', '31.39')"
SUV,汉兰达,"('23.98', '32.58')"
SUV,RAV4荣放,"('17.48', '25.88')"
SUV,途观L,"('21.58', '31.18')"
SUV,宝马X5,"('69.99', '86.39')"
SUV,奥迪Q5L,"('38.78', '49.80')"
SUV,昂科威S,"('21.99', '27.99')"
SUV,瑞虎8,"('8.88', '15.99')"
SUV,奔驰GLC,"('39.48', '58.78')"
SUV,本田CR-V,"('16.98', '27.68')"
SUV,宝马X3,"('38.98', '47.98')"
SUV,冠道,"('22.00', '33.28')"
SUV,沃尔沃XC60,"('36.29', '47.09')"
SUV,奥迪Q3,"('27.18', '36.18')"
SUV,凯迪拉克XT5,"('32.97', '47.27')"
SUV,途昂,"('29.99', '45.99')"
SUV,奇骏,"('18.88', '27.33')"
SUV,凯迪拉克XT6,"('38.97', '55.27')"
SUV,探界者,"('16.99', '24.59')"
SUV,捷途X90,"('7.99', '14.29')"
SUV,宝马X1,"('27.88', '33.98')"
SUV,锐界,"('22.98', '38.98')"
SUV,探险者,"('30.98', '39.98')"
SUV,雷克萨斯RX,"('39.00', '81.00')"
SUV,捷途X70 PLUS,"('7.70', '13.90')"
SUV,探影,"('11.49', '16.09')"
SUV,传祺GS4,"('8.98', '15.18')"
SUV,奔驰GLE,"('69.98', '135.38')"
SUV,领克06,"('11.86', '14.56')"
SUV,红旗HS5,"('18.38', '24.98')"
SUV,长安CS35PLUS,"('6.99', '10.99')"
SUV,北京现代ix35,"('11.99', '16.19')"
SUV,昂科拉,"('12.59', '15.59')"
SUV,宝骏510,"('5.08', '8.08')"
SUV,逍客,"('15.49', '18.89')"
SUV,奥迪Q7,"('68.88', '86.68')"
SUV,开拓者,"('22.99', '32.99')"
SUV,奥迪Q2L,"('21.88', '26.85')"
SUV,沃尔沃XC90,"('63.39', '83.39')"
SUV,缤智,"('12.78', '17.68')"
SUV,哈弗H9,"('20.98', '27.28')"
SUV,途铠,"('11.49', '15.99')"
SUV,本田XR-V,"('12.79', '17.59')"
SUV,柯米克,"('8.99', '12.59')"
SUV,长安CS75,"('10.39', '11.99')"
SUV,瑞虎5x,"('5.99', '11.09')"
SUV,捷途X70,"('6.99', '12.29')"
SUV,途锐,"('59.18', '82.18')"
SUV,捷达VS7,"('10.68', '13.68')"
SUV,雷克萨斯NX,"('30.40', '54.20')"
SUV,瑞虎8 PLUS,"('12.49', '15.99')"
SUV,传祺GS8,"('15.58', '26.28')"
SUV,智跑,"('11.99', '14.89')"
SUV,豪越,"('10.36', '14.26')"
SUV,WEY VV7,"('16.98', '19.28')"
SUV,途昂X,"('28.99', '43.99')"
SUV,揽胜,"('122.50', '321.30')"
SUV,北京BJ40,"('15.98', '26.99')"
SUV,远景X3,"('4.99', '6.89')"
SUV,大指挥官,"('23.98', '40.98')"
SUV,胜达,"('20.28', '27.28')"
SUV,途达,"('16.98', '24.83')"
SUV,瑞虎3X,"('4.69', '6.79')"
SUV,森林人,"('22.38', '28.58')"
SUV,自由光,"('17.98', '31.98')"
SUV,柯迪亚克,"('17.79', '24.79')"
SUV,丰田C-HR,"('14.18', '18.08')"
SUV,奥迪Q8,"('76.88', '104.88')"
SUV,东风风神AX7,"('8.98', '14.39')"
SUV,翼虎,"('16.98', '24.98')"
SUV,缤越,"('7.58', '11.98')"
SUV,马自达CX-5,"('17.98', '24.58')"
SUV,炮,"('9.78', '20.78')"
SUV,红旗HS7,"('27.58', '45.98')"
SUV,航海家(进口),"('38.88', '51.88')"
SUV,捷途X95,"('9.99', '15.29')"
SUV,Cayenne,"('91.30', '190.80')"
SUV,奕泽IZOA,"('14.58', '17.68')"
SUV,五菱宏光S3,"('5.68', '8.28')"
SUV,揽胜运动版,"('90.48', '189.80')"
SUV,奔腾T99,"('14.99', '18.99')"
SUV,风光580,"('7.99', '12.30')"
SUV,楼兰,"('23.88', '37.58')"
SUV,标致5008,"('18.77', '27.37')"
SUV,牧马人,"('42.99', '55.99')"
SUV,飞行家,"('50.98', '75.98')"
SUV,风骏7,"('8.68', '13.88')"
SUV,撼路者,"('27.58', '37.48')"
SUV,普拉多中东版,"('45.50', '85.80')"
SUV,唐新能源,"('19.78', '31.48')"
SUV,劲客,"('9.98', '13.88')"
SUV,长安欧尚科赛Pro,"('8.59', '15.29')"
SUV,哈弗H6 Coupe,"('7.99', '11.90')"
SUV,兰德酷路泽中东版,"('69.80', '142.00')"
SUV,名爵ZS,"('7.88', '11.28')"
SUV,林肯MKC,"('27.98', '37.68')"
SUV,发现运动版,"('35.68', '45.58')"
SUV,传祺GS3,"('7.68', '11.38')"
SUV,探岳X,"('23.58', '29.58')"
SUV,KX3傲跑,"('10.88', '12.58')"
SUV,蔚来ES6,"('35.80', '52.60')"
SUV,宝马X4,"('45.59', '58.59')"
SUV,英菲尼迪QX50,"('33.38', '46.98')"
SUV,Macan,"('54.50', '92.50')"
SUV,北京现代ix25,"('10.58', '13.68')"
SUV,本田UR-V,"('24.68', '32.98')"
SUV,宝马X6,"('76.69', '93.69')"
SUV,傲虎,"('27.08', '33.08')"
SUV,大切诺基(进口),"('52.99', '71.49')"
SUV,奕跑,"('6.98', '8.28')"
SUV,途胜,"('16.99', '21.99')"
SUV,哈弗H2,"('7.59', '9.59')"
SUV,东南DX3,暂无报价
SUV,哈弗H7,"('14.20', '18.00')"
SUV,创酷,"('9.99', '13.99')"
SUV,长安CS15,"('5.59', '8.09')"
SUV,发现,"('66.98', '83.78')"
SUV,揽胜极光,"('35.58', '50.58')"
SUV,风骏5,"('6.88', '11.28')"
SUV,宋,"('6.98', '9.38')"
SUV,唐,"('12.99', '16.99')"
SUV,荣威RX8,"('16.88', '22.88')"
SUV,揽胜星脉,"('57.28', '87.88')"
SUV,驭胜S350,"('12.18', '20.18')"
SUV,长安CS95,"('16.59', '21.39')"
SUV,讴歌RDX,"('32.80', '46.00')"
SUV,蔚来ES8,"('46.80', '62.40')"
SUV,捷途X70S,"('7.69', '15.89')"
SUV,星途TX,"('13.59', '14.79')"
SUV,mu-X牧游侠,"('17.88', '28.48')"
SUV,路虎卫士,"('77.80', '95.80')"
SUV,星途TXL,"('13.59', '17.59')"
SUV,理想ONE,"('32.80', '32.80')"
SUV,瑞虎3,"('5.99', '7.99')"
SUV,MINI COUNTRYMAN,"('24.88', '34.38')"
SUV,上汽MAXUS T60,"('8.98', '21.38')"
SUV,奔驰G级,"('142.98', '189.88')"
SUV,哪吒V,"('5.99', '12.08')"
SUV,新宝骏RS-3,"('6.38', '9.88')"
SUV,中华V7,"('10.87', '15.99')"
SUV,元新能源,"('8.99', '13.99')"
SUV,荣威RX3,"('6.98', '10.43')"
SUV,传祺GS5,"('10.98', '16.98')"
SUV,微蓝7,"('17.98', '19.98')"
SUV,讴歌CDX,"('22.98', '34.98')"
SUV,探险者（进口）,"('41.28', '59.18')"
SUV,自由侠,"('12.98', '19.08')"
SUV,启辰T60,"('8.68', '11.88')"
SUV,劲炫ASX,"('9.98', '13.98')"
SUV,BEIJING-X3,"('4.99', '9.59')"
SUV,飞行家（进口）,"('62.88', '68.88')"
SUV,长安CS85 COUPE,"('11.99', '16.99')"
SUV,帕里斯帝,"('29.88', '32.98')"
SUV,锐骐6,"('8.98', '17.98')"
SUV,雪铁龙C3-XR,"('9.48', '11.89')"
SUV,北京BJ80,"('29.80', '39.80')"
SUV,蔚来EC6,"('36.80', '52.60')"
SUV,斯巴鲁XV,"('19.18', '23.38')"
SUV,捷豹F-PACE,"('47.58', '78.78')"
SUV,纳瓦拉,"('13.98', '19.98')"
SUV,哪吒N01,"('6.68', '13.98')"
SUV,捷途X70M,"('6.49', '9.59')"
SUV,长安欧尚科赛5,"('5.39', '8.29')"
SUV,D-MAX,"('14.48', '22.48')"
SUV,风行T5L,"('7.99', '17.69')"
SUV,东南DX7,"('8.99', '13.99')"
SUV,域虎7,"('10.78', '17.63')"
SUV,奔驰GLC(进口),"('45.88', '59.88')"
SUV,爱驰U5,"('16.69', '29.21')"
SUV,中华V3,"('5.07', '8.77')"
SUV,Stelvio,"('45.68', '127.98')"
SUV,BJ 212,"('7.77', '10.48')"
SUV,上汽大通MAXUS T70,"('8.98', '20.48')"
SUV,瑞风S3,"('6.79', '8.79')"
SUV,途观X,"('24.59', '30.59')"
SUV,奔腾T33,"('6.98', '10.59')"
SUV,风骏6,"('8.68', '11.78')"
SUV,途乐中东版,"('53.00', '86.80')"
SUV,域虎9,"('13.48', '21.18')"
SUV,启辰T70,"('8.98', '12.78')"
SUV,福特F-150,"('52.38', '118.00')"
SUV,VGV U70,"('6.99', '11.89')"
SUV,英菲尼迪QX60,"('47.98', '56.98')"
SUV,柯迪亚克GT,"('17.99', '25.29')"
SUV,宝沃BX7,"('16.98', '30.28')"
SUV,捷途X70 Coupe,"('9.29', '12.99')"
SUV,MODEL X,"('77.29', '100.00')"
SUV,穿越者中东版,"('29.80', '52.00')"
SUV,Levante,"('96.18', '122.98')"
SUV,标致2008,"('10.99', '14.99')"
SUV,风光ix7,"('12.59', '21.59')"
SUV,启辰T90,"('11.88', '15.48')"
SUV,拓陆者驭途,"('10.48', '19.58')"
SUV,瑞迈,"('8.38', '13.58')"
SUV,北汽新能源EC5,"('9.99', '11.99')"
SUV,思皓X8,"('8.88', '13.58')"
SUV,途观L新能源,"('26.58', '29.28')"
SUV,添越,"('246.20', '246.20')"
SUV,BEIJING-EX3,"('11.99', '16.39')"
SUV,瑞风S4,"('7.58', '9.88')"
SUV,阿斯顿·马丁DBX,"('212.80', '319.80')"
SUV,起亚KX7,"('17.98', '27.68')"
SUV,腾势X,"('28.98', '35.78')"
SUV,宝典,"('8.28', '10.93')"
SUV,风光ix5,"('9.98', '13.98')"
SUV,宝马X5加版,"('75.00', '98.00')"
SUV,奥迪Q2L e-tron,"('22.68', '23.73')"
SUV,丰田C-HR EV,"('22.58', '24.98')"
SUV,江淮T8,"('8.88', '16.28')"
SUV,奔驰EQC,"('49.98', '62.28')"
SUV,马自达CX-8,"('25.88', '33.08')"
SUV,SWM斯威X7,"('6.39', '10.59')"
SUV,奔驰GLC AMG,"('65.88', '128.88')"
SUV,黄海N3,"('10.58', '19.68')"
SUV,风光500,"('5.48', '7.48')"
SUV,江淮iEV7S,"('9.35', '10.95')"
SUV,云逸 C4 AIRCROSS,"('10.68', '15.68')"
SUV,奔驰G级AMG,"('222.88', '245.88')"
SUV,思皓E20X,"('12.80', '13.80')"
SUV,讴歌MDX,"('69.80', '84.80')"
SUV,Aion LX(埃安LX),"('22.96', '34.96')"
SUV,帕杰罗·劲畅(进口),"('27.98', '30.98')"
SUV,域虎5,"('9.68', '13.63')"
SUV,WEY VV7 GT,"('19.18', '25.88')"
SUV,超霸加版,"('55.60', '84.80')"
SUV,奔驰GLE AMG,"('98.88', '102.88')"
SUV,勇士,"('9.98', '16.17')"
SUV,Tiguan,"('23.98', '35.08')"
SUV,东南DX5,"('6.99', '9.99')"
SUV,瑞虎e,"('10.88', '14.39')"
SUV,宝马X5中东版,"('75.00', '85.80')"
SUV,奇瑞蚂蚁,"('14.98', '18.98')"
SUV,卡宴美版,"('90.00', '108.00')"
SUV,揽胜极光(进口),"('69.80', '69.80')"
SUV,沃尔沃XC90新能源,"('89.19', '128.58')"
SUV,江淮T6,"('8.68', '13.48')"
SUV,上汽MAXUS D90 Pro,"('17.98', '27.68')"
SUV,传祺GE3,"('15.48', '18.08')"
SUV,卡宴加版,"('96.80', '145.00')"
SUV,雷克萨斯LX中东版,"('148.00', '180.00')"
SUV,长安凯程F70,"('9.28', '14.18')"
SUV,奥迪e-tron(进口),"('69.28', '82.86')"
SUV,东风风神AX4,"('7.59', '9.39')"
SUV,帕杰罗中东版,"('32.80', '42.00')"
SUV,嘉悦X7,"('8.98', '13.98')"
SUV,宝马X5墨版,"('69.50', '82.00')"
SUV,风光580Pro,"('9.29', '12.09')"
SUV,FJ酷路泽中东版,"('50.80', '58.80')"
SUV,Urus,"('291.20', '294.11')"
SUV,发现5加版,"('84.80', '92.80')"
SUV,SWM斯威G05,"('6.99', '11.99')"
SUV,拓陆者,"('7.78', '19.88')"
SUV,Cayenne新能源,"('86.80', '101.20')"
SUV,吉姆尼(进口),"('14.18', '16.08')"
SUV,宝马X5 M,"('143.89', '143.89')"
SUV,酷威,"('27.49', '37.29')"
SUV,旷世,"('15.98', '24.38')"
SUV,广汽本田VE-1,"('15.98', '18.38')"
SUV,奔驰GLE美版,"('68.50', '119.80')"
SUV,探岳GTE插电混动,"('24.98', '25.98')"
SUV,瑞虎3xe,"('9.38', '10.68')"
SUV,铃拓,"('11.18', '15.48')"
SUV,沃尔沃XC60新能源,"('52.79', '60.59')"
SUV,宝马X5新能源,"('84.99', '85.99')"
SUV,酷路泽70系列中东版,"('59.80', '98.80')"
SUV,奔驰G级欧版,"('148.00', '388.00')"
SUV,凯翼X3,"('6.39', '7.59')"
SUV,宝马iX3,"('46.99', '50.99')"
SUV,宝马X3 M,"('83.99', '89.99')"
SUV,长安新能源E-Pro,"('10.69', '12.69')"
SUV,奥迪Q7欧版,"('56.80', '75.00')"
SUV,威马EX6,"('18.99', '28.88')"
SUV,MINI JCW COUNTRYMAN,"('39.98', '42.98')"
SUV,WEY VV7新能源,"('21.98', '23.98')"
SUV,奥迪Q7加版,"('69.00', '83.50')"
SUV,奔驰GLC墨版,"('45.90', '56.80')"
SUV,长安神骐F30,"('4.76', '6.38')"
SUV,宝马X4 M,"('86.99', '92.99')"
SUV,域虎3,"('8.98', '12.22')"
SUV,荣威MARVEL X,"('26.88', '30.88')"
SUV,昂希诺纯电动,"('17.28', '19.88')"
SUV,ENCINO 昂希诺,"('12.99', '15.59')"
SUV,东风本田X-NV,"('16.98', '17.98')"
SUV,领航员美版,"('98.00', '253.00')"
SUV,宝马X6 M,"('146.89', '146.89')"
SUV,领主,"('8.48', '19.88')"
SUV,锐骐,"('7.78', '12.78')"
SUV,奥迪Q8加版,"('75.00', '79.00')"
SUV,海拉克斯中东版,"('35.80', '45.80')"
SUV,嘉悦X4,"('7.28', '9.98')"
SUV,战旗,"('8.06', '9.94')"
SUV,捷豹I-PACE,"('63.08', '71.68')"
SUV,WEY VV7 GT新能源,"('25.68', '25.68')"
SUV,发现5欧版,"('60.00', '92.80')"
SUV,名爵EZS纯电动,"('11.98', '14.98')"
SUV,北京F40,"('14.98', '16.99')"
SUV,雷诺 e诺,"('6.18', '7.18')"
SUV,黄海N7,"('10.68', '13.78')"
SUV,奕泽E进擎,"('22.58', '25.38')"
SUV,奔驰G级美版,"('208.00', '378.00')"
SUV,ARCFOX αT,"('24.19', '31.99')"
SUV,长安CS15EV,"('8.98', '9.88')"
SUV,捷途X70S EV,"('14.98', '16.98')"
SUV,枫叶30X,"('6.88', '9.58')"
SUV,Suburban萨博班加版,"('142.00', '142.00')"
SUV,揽胜行政欧版,"('128.00', '215.00')"
SUV,揽胜运动版新能源,"('86.48', '86.48')"
SUV,林肯领袖一号,"('189.00', '189.00')"
SUV,骐铃T100,"('5.28', '7.18')"
SUV,领航员加版,"('123.00', '203.00')"
SUV,奥迪Q5墨版,"('53.00', '62.00')"
SUV,奔驰GLE墨版,"('69.80', '98.80')"
SUV,卡宴墨版,"('100.00', '139.00')"
SUV,路虎皇家一号,"('248.00', '328.00')"
SUV,零跑C11,"('15.98', '19.98')"
SUV,奥迪Q5欧版,"('42.80', '42.80')"
SUV,星途揽月,"('16.89', '22.99')"
SUV,普拉多欧版,"('60.00', '60.00')"
SUV,黄海N2,"('7.28', '16.58')"
SUV,牧马人加版,"('52.00', '62.00')"
SUV,缤越新能源,"('12.58', '14.98')"
SUV,上汽大通MAXUS D60,"('9.38', '19.00')"
SUV,江淮iEVS4,"('13.95', '15.95')"
SUV,揽胜行政中东版,"('125.00', '159.00')"
SUV,奥迪Q7新能源,"('79.08', '79.08')"
SUV,揽胜运动欧版,"('78.00', '109.80')"
SUV,长安欧尚科赛3,"('5.99', '7.69')"
SUV,勇士皮卡,"('9.01', '11.56')"
SUV,威虎,"('6.98', '10.08')"
SUV,黄海N1,"('6.68', '11.18')"
SUV,宝沃BX3,"('9.68', '13.08')"
SUV,奔腾E01,"('19.68', '22.88')"
SUV,宝马X5美版,"('81.00', '86.00')"
SUV,添越PHEV,"('219.70', '238.50')"
SUV,飞行家新能源,"('81.88', '81.88')"
SUV,赛力斯SF5,"('24.90', '33.90')"
SUV,奔驰GLA AMG,"('43.98', '52.68')"
SUV,揽胜新能源,"('132.30', '132.30')"
SUV,HYCAN 007,"('25.98', '40.00')"
SUV,宝马X6中东版,"('68.50', '68.50')"
SUV,途锐新能源,"('67.98', '67.98')"
SUV,揽胜运动加版,"('79.00', '106.80')"
SUV,奔驰G级中东版,"('172.00', '345.00')"
SUV,航海家,"('32.88', '47.88')"
SUV,Levante美版,"('79.80', '120.00')"
SUV,揽胜行政美版,"('138.00', '148.00')"
SUV,奔驰GLE中东版,"('82.80', '88.00')"
SUV,宝沃BXi7,"('35.88', '37.88')"
SUV,云度π3,"('11.98', '14.48')"
SUV,宝马X5欧版,"('62.50', '75.50')"
SUV,启辰T60EV,"('16.88', '18.18')"
SUV,TAGA达咖,"('9.98', '13.48')"
SUV,东南DX3新能源,"('17.15', '19.15')"
SUV,雷克萨斯RX加版,"('65.50', '69.80')"
SUV,Ranger,"('29.98', '29.98')"
SUV,祺智EV,"('12.98', '13.98')"
SUV,奔驰GL中东版,"('130.00', '190.00')"
SUV,林肯MKT美版,"('88.00', '88.00')"
SUV,揽胜行政加版,"('136.80', '368.00')"
SUV,骐铃T7,"('7.28', '11.38')"
SUV,御风P16,"('8.48', '15.18')"
SUV,小老虎,"('5.60', '7.58')"
SUV,卡缤(进口),"('13.18', '14.18')"
SUV,福田征服者,"('7.78', '10.78')"
SUV,雷斯特,"('21.98', '31.98')"
SUV,索罗德,"('59.90', '69.90')"
SUV,炮新能源,"('25.18', '26.78')"
SUV,东风本田M-NV,"('14.98', '15.98')"
SUV,Sierra,"('62.80', '76.80')"
SUV,高合HiPhi X,"('68.00', '80.00')"
SUV,云度π1,"('11.28', '11.98')"
SUV,萨普,"('5.88', '9.59')"
SUV,库罗德,"('54.99', '59.99')"
SUV,起亚KX3新能源,"('23.98', '23.98')"
SUV,猎豹CT7,"('8.28', '12.08')"
SUV,东风新能源EX1,"('4.57', '8.17')"
SUV,大柴神,"('6.28', '8.98')"
SUV,添越美版,"('255.00', '315.00')"
SUV,长安UNI-K,"('15.79', '18.89')"
SUV,博骏,"('4.99', '12.99')"
SUV,雄师F22,"('7.78', '15.18')"
SUV,林肯MKX美版,"('52.60', '52.60')"
SUV,Levante中东版,"('79.80', '125.00')"
SUV,森雅R8,"('7.49', '8.99')"
SUV,风光E3,"('12.98', '15.98')"
SUV,添越欧版,"('278.00', '458.00')"
SUV,宝马X6加版,"('96.80', '98.50')"
SUV,启辰E30,"('7.00', '8.54')"
SUV,英格尼斯,"('12.90', '12.90')"
SUV,天美汽车ET5,"('15.28', '19.88')"
SUV,风光E1,"('6.18', '7.38')"
SUV,拓陆者胜途,"('8.88', '12.48')"
SUV,锐铃,"('7.93', '8.08')"
SUV,风骏7EV,"('25.68', '26.68')"
SUV,国机智骏GX5,"('11.58', '13.98')"
SUV,揽胜星脉加版,"('72.00', '75.00')"
SUV,金典,"('5.78', '6.18')"
SUV,悦虎,"('6.68', '8.78')"
SUV,域虎EV,"('30.98', '32.98')"
SUV,天际ME7,"('21.88', '36.68')"
SUV,易至EX5,"('8.98', '13.28')"
SUV,领航员墨版,"('148.00', '148.00')"
SUV,大运皮卡,"('8.98', '12.63')"
SUV,标致e2008,"('16.60', '18.80')"
SUV,迈莎锐G级,"('385.00', '518.00')"
SUV,思皓X7,"('13.48', '17.98')"
SUV,骐铃T5,"('6.58', '8.18')"
SUV,风行T1EV,"('7.58', '7.58')"
SUV,野马EC60,"('10.99', '25.58')"
SUV,卡威K1,"('7.58', '9.88')"
SUV,五菱征途,"('5.88', '6.28')"
SUV,元pro,"('12.13', '13.14')"
SUV,锐骐新能源,"('26.98', '26.98')"
SUV,大力神K5,"('7.18', '11.68')"
SUV,华凯皮卡,"('6.54', '10.68')"
SUV,一汽蓝舰H6,"('9.68', '12.98')"
SUV,龙威,"('7.28', '16.58')"
SUV,江淮V7,"('7.18', '8.38')"
SUV,迈莎锐揽胜,"('258.80', '258.80')"
SUV,雄师F16,"('5.58', '9.18')"
SUV,御骏,"('7.18', '9.28')"
SUV,雷神,"('9.38', '11.98')"
SUV,财运300,"('5.79', '6.18')"
SUV,思皓X4,"('8.98', '9.78')"
SUV,锐骐6新能源,"('29.98', '29.98')"
SUV,雷丁i9,"('11.58', '13.99')"
SUV,大将军,"('11.98', '18.38')"
SUV,迈莎锐Cayenne,"('158.80', '158.80')"
SUV,讴歌ZDX,暂无报价
SUV,普拉多,暂无报价
SUV,途观,暂无报价
SUV,长安CS35,暂无报价
SUV,兰德酷路泽,暂无报价
SUV,奔腾X40,暂无报价
SUV,帕杰罗(进口),暂无报价
SUV,哈弗H5,暂无报价
SUV,长安欧尚CX70,暂无报价
SUV,景逸X5,暂无报价
SUV,宝骏560,"('6.98', '11.78')"
SUV,森雅R7,暂无报价
SUV,发现神行,暂无报价
SUV,长城M4,暂无报价
SUV,众泰T600,暂无报价
SUV,标致3008,暂无报价
SUV,维特拉,暂无报价
SUV,昂科雷,"('50.90', '64.90')"
SUV,索兰托,"('22.68', '31.38')"
SUV,凯迪拉克SRX,暂无报价
SUV,宝马X3(进口),"('42.10', '75.00')"
SUV,众泰T300,暂无报价
SUV,北汽新能源EX,暂无报价
SUV,上汽MAXUS D90,暂无报价
SUV,哈弗H1,暂无报价
SUV,海马S5,暂无报价
SUV,猎豹CS9,暂无报价
SUV,比亚迪S7,"('9.99', '13.99')"
SUV,陆风X8,暂无报价
SUV,哈弗H2s,暂无报价
SUV,陆风X7,暂无报价
SUV,科帕奇,"('17.99', '20.99')"
SUV,瑞风S2,暂无报价
SUV,众泰T700,暂无报价
SUV,猎豹CS10,暂无报价
SUV,狮跑,暂无报价
SUV,中华V5,"('8.98', '14.58')"
SUV,瑞虎5,"('8.88', '12.38')"
SUV,北汽幻速S3,暂无报价
SUV,指挥官,暂无报价
SUV,瑞虎,暂无报价
SUV,林肯MKX,暂无报价
SUV,哈弗H8,"('18.38', '25.68')"
SUV,锐界(进口),暂无报价
SUV,雷克萨斯RX经典,暂无报价
SUV,元,暂无报价
SUV,瑞风S5,暂无报价
SUV,陆风X2,暂无报价
SUV,奥迪Q5(进口),"('58.80', '61.80')"
SUV,东风风神AX3,暂无报价
SUV,比亚迪S2,暂无报价
SUV,翼搏,暂无报价
SUV,远景X1,"('3.99', '5.79')"
SUV,大迈X5,暂无报价
SUV,陆风X5,暂无报价
SUV,骏派D60,暂无报价
SUV,北汽昌河Q25,暂无报价
SUV,锋驭,暂无报价
SUV,大迈X7,暂无报价
SUV,众泰SR9,暂无报价
SUV,自由客,暂无报价
SUV,比速T3,暂无报价
SUV,猎豹Q6,暂无报价
SUV,圣达菲经典,暂无报价
SUV,揽福,暂无报价
SUV,英菲尼迪QX70,"('75.48', '80.80')"
SUV,野马T70,暂无报价
SUV,众泰SR7,暂无报价
SUV,柯兰多,"('13.98', '24.98')"
SUV,超级维特拉,暂无报价
SUV,御风S16,暂无报价
SUV,森雅S80,暂无报价
SUV,景逸X3,"('6.69', '8.69')"
SUV,科雷缤,暂无报价
SUV,海马骑士,暂无报价
SUV,东风风度MX6,暂无报价
SUV,北汽幻速S2,暂无报价
SUV,宝利格,"('11.58', '11.58')"
SUV,众泰T800,暂无报价
SUV,飞腾,暂无报价
SUV,迈威,暂无报价
SUV,爱腾,"('15.48', '21.98')"
SUV,格越,"('25.60', '38.78')"
SUV,陆风X9,暂无报价
SUV,讴歌RDX（进口）,"('39.98', '45.98')"
SUV,悍马H3,暂无报价
SUV,猎豹CS6,暂无报价
SUV,陆风X6,暂无报价
SUV,绅宝X55,"('7.68', '11.98')"
SUV,MINI PACEMAN,暂无报价
SUV,雪铁龙C4 Aircross,"('19.98', '27.98')"
SUV,众泰T600 Coupe,暂无报价
SUV,力帆X60,暂无报价
SUV,猎豹CS9新能源,暂无报价
SUV,双环SCEO,暂无报价
SUV,旗胜F1,暂无报价
SUV,启辰T70X,"('11.68', '13.38')"
SUV,奥轩GX5,暂无报价
SUV,众泰T200,暂无报价
SUV,标致4008(进口),暂无报价
SUV,北汽幻速S3L,暂无报价
SUV,东风风度MX5,"('10.35', '13.55')"
SUV,观境,暂无报价
SUV,宝马X1(进口),暂无报价
SUV,霸锐,"('41.68', '41.68')"
SUV,英致G5,暂无报价
SUV,英致G3,暂无报价
SUV,威麟X5,暂无报价
SUV,奔腾X40新能源,暂无报价
SUV,特拉卡,暂无报价
SUV,旗胜V3,"('10.18', '11.38')"
SUV,野马F12,暂无报价
SUV,威飒,暂无报价
SUV,帕杰罗速跑,暂无报价
SUV,英菲尼迪ESQ,暂无报价
SUV,锐骐多功能车,暂无报价
SUV,凯翼V3,暂无报价
SUV,圣达菲,"('6.98', '16.18')"
SUV,北京BW007,暂无报价
SUV,享御,暂无报价
SUV,安德拉,暂无报价
SUV,风光580新能源,暂无报价
SUV,陆霸,暂无报价
SUV,景逸XV,"('7.99', '8.69')"
SUV,领途K-ONE,暂无报价
SUV,金杯S50,暂无报价
SUV,永源A380,暂无报价
SUV,野马F10,暂无报价
SUV,挑战者SUV,暂无报价
SUV,大切诺基 SRT,"('120.49', '120.49')"
SUV,野马F16,暂无报价
SUV,战剑,暂无报价
SUV,翱龙CUV,暂无报价
SUV,力帆X50,暂无报价
SUV,RALLY FIGHTER,暂无报价
SUV,瑞铃,"('6.18', '8.29')"
SUV,猎鹰,暂无报价
SUV,伽途GT,暂无报价
SUV,大力神,"('6.68', '9.48')"
SUV,北汽007,暂无报价
SUV,萨瓦纳,暂无报价
SUV,广汽吉奥GX6,暂无报价
SUV,中兴GX3,暂无报价
SUV,启腾V60,暂无报价
SUV,蒂维拉,"('12.98', '18.98')"
SUV,帅舰,暂无报价
SUV,全球鹰EX3,暂无报价
SUV,众泰T300新能源,暂无报价
大型车,宝马7系,"('82.80', '242.80')"
大型车,奥迪A8,"('84.28', '194.28')"
大型车,奔驰S级,"('85.28', '181.88')"
大型车,Panamera,"('97.30', '245.80')"
大型车,雷克萨斯LS,"('87.80', '118.00')"
大型车,迈巴赫S级,"('139.88', '319.88')"
大型车,宝马8系,"('96.80', '126.80')"
大型车,总裁,"('140.58', '194.08')"
大型车,飞驰,"('251.80', '390.00')"
大型车,幻影,"('790.00', '920.00')"
大型车,古思特,"('450.00', '786.00')"
大型车,奔驰S级AMG,"('227.88', '307.88')"
大型车,Panamera新能源,"('116.80', '248.30')"
大型车,总裁美版,"('119.00', '189.00')"
大型车,IMSA英飒-迈巴赫S级,"('145.88', '156.88')"
大型车,奔驰S级美版,"('132.00', '199.00')"
大型车,奔驰S级加版,"('168.00', '278.00')"
大型车,Panamera加版,"('135.00', '175.00')"
大型车,迈巴赫S级美版,"('288.00', '400.00')"
大型车,宝马7系新能源,"('106.80', '115.80')"
大型车,Panamera美版,"('165.00', '188.00')"
大型车,迈巴赫S级欧版,"('360.00', '1688.00')"
大型车,迈巴赫S级墨版,"('428.00', '428.00')"
大型车,Lorinser MAYBACH S级,"('218.80', '238.80')"
大型车,IMSA英飒-奔驰S级,"('130.18', '130.18')"
大型车,捷豹XJ,"('88.80', '106.80')"
大型车,辉腾,暂无报价
大型车,慕尚,暂无报价
大型车,迈巴赫,暂无报价
大型车,红旗L5,暂无报价
大型车,Rapide,"('279.80', '286.80')"
大型车,奔驰S级新能源,"('175.80', '175.80')"
大型车,主席,"('41.80', '69.80')"
大型车,慕尚美版,暂无报价
大型车,泰卡特 T9,暂无报价
跑车,保时捷911,"('126.50', '247.30')"
跑车,Panamera,"('97.30', '245.80')"
跑车,保时捷718,"('54.50', '98.60')"
跑车,宝马M8,"('196.80', '256.80')"
跑车,宝马2系,"('26.38', '33.98')"
跑车,奔驰CLS,"('57.68', '78.98')"
跑车,Mustang,"('36.98', '39.58')"
跑车,奥迪TT,"('45.38', '53.28')"
跑车,奥迪R8,"('195.28', '275.34')"
跑车,AMG GT,"('98.48', '229.88')"
跑车,宝马Z4,"('48.88', '63.38')"
跑车,奥迪S5,"('61.98', '70.88')"
跑车,欧陆,"('275.10', '420.00')"
跑车,阿斯顿·马丁DB11,"('220.80', '298.80')"
跑车,宝马M2,"('63.38', '64.38')"
跑车,法拉利488,"('408.00', '449.90')"
跑车,捷豹F-TYPE,"('58.20', '91.80')"
跑车,法拉利F8,"('298.80', '341.80')"
跑车,丰田86,"('27.78', '28.78')"
跑车,Huracan,"('254.00', '390.00')"
跑车,野马加版,"('35.00', '52.00')"
跑车,科迈罗,"('39.99', '39.99')"
跑车,阿斯顿·马丁DBS,"('366.80', '500.70')"
跑车,V8 Vantage,"('181.80', '259.80')"
跑车,奔驰SLC级,"('50.68', '62.38')"
跑车,迈凯伦720S,"('339.80', '378.80')"
跑车,法拉利812,"('485.90', '530.00')"
跑车,Aventador,"('613.70', '920.47')"
跑车,魅影,"('505.00', '875.00')"
跑车,雷克萨斯LC,"('115.50', '126.50')"
跑车,挑战者美版,"('43.80', '185.00')"
跑车,英菲尼迪Q60,"('35.88', '37.78')"
跑车,奥迪TT RS,"('76.98', '76.98')"
跑车,雷克萨斯RC,"('44.60', '49.60')"
跑车,欧陆欧版,"('285.00', '530.00')"
跑车,Roma,"('238.00', '238.00')"
跑车,迈凯伦570,"('243.60', '270.80')"
跑车,奥迪TTS,"('59.78', '63.48')"
跑车,曜影,"('520.00', '620.00')"
跑车,Portofino,"('263.80', '263.80')"
跑车,迈凯伦GT,"('198.80', '198.80')"
跑车,马自达MX-5,"('33.90', '34.00')"
跑车,SF90 Stradale,"('398.80', '398.80')"
跑车,迈凯伦540C,"('220.00', '220.00')"
跑车,迈凯伦600LT,"('292.30', '319.50')"
跑车,玛莎拉蒂MC20,"('210.00', '210.00')"
跑车,GranTurismo,"('219.80', '288.80')"
跑车,GT-R加版,"('158.00', '168.00')"
跑车,讴歌NSX,"('289.00', '289.00')"
跑车,X-BOW,"('139.80', '139.80')"
跑车,保时捷911美版,"('360.00', '460.00')"
跑车,科迈罗美版,"('36.60', '36.60')"
跑车,奔驰SL级,暂无报价
跑车,科迈罗加版,"('52.60', '52.60')"
跑车,Huayra,"('2900.00', '2900.00')"
跑车,Evora,"('97.20', '97.20')"
跑车,Supra加版,"('99.00', '99.00')"
跑车,Polestar 1,"('145.00', '145.00')"
跑车,总裁中东版,"('108.00', '128.00')"
跑车,GranCabrio,"('268.80', '302.80')"
跑车,Gemera,暂无报价
跑车,总裁加版,"('116.80', '140.00')"
跑车,迈凯伦765LT,暂无报价
跑车,日产GT-R,"('162.80', '235.00')"
跑车,法拉利458,暂无报价
跑车,劳恩斯-酷派,暂无报价
跑车,斯巴鲁BRZ,暂无报价
跑车,GTC4Lusso,暂无报价
跑车,Gallardo,暂无报价
跑车,V12 Vantage,"('289.80', '309.80')"
跑车,阿斯顿·马丁DB9,"('341.80', '373.80')"
跑车,Boxster,暂无报价
跑车,Cayman,"('72.70', '111.80')"
跑车,Vanquish,暂无报价
跑车,日产370Z,"('52.50', '64.50')"
跑车,Agera,"('2650.00', '2650.00')"
跑车,速迈,暂无报价
跑车,迈凯伦12C,暂无报价
跑车,巴博斯SLK级,"('62.00', '62.00')"
跑车,Coupe,暂无报价
跑车,世爵C8,暂无报价
跑车,摩根Plus 8,"('248.00', '248.00')"
跑车,Exige,"('82.00', '82.00')"
跑车,Zonda,暂无报价
跑车,赛麟科迈罗,暂无报价
跑车,如虎 CTR 3,"('550.00', '550.00')"
跑车,赛麟Mustang,暂无报价
跑车,威兹曼GT,暂无报价
跑车,3 Wheeler,"('88.00', '89.36')"
跑车,摩根Aero,"('323.75', '417.19')"
轻客,全顺,"('12.64', '19.80')"
轻客,依维柯欧胜,"('13.59', '32.59')"
轻客,新世代全顺,"('16.36', '27.58')"
轻客,上汽大通MAXUS V80,"('10.28', '24.56')"
轻客,上汽大通MAXUS V90,"('14.78', '24.96')"
轻客,图雅诺,"('9.57', '22.98')"
轻客,金杯海狮,"('6.18', '9.38')"
轻客,长安睿行M80,"('5.85', '7.71')"
轻客,依维柯得意,"('11.84', '17.00')"
轻客,特顺,"('9.58', '13.90')"
轻客,阁瑞斯,"('8.88', '27.78')"
轻客,长安睿行M90,"('6.85', '9.25')"
轻客,睿行M70,"('6.05', '7.40')"
轻客,瑞风,"('9.99', '16.38')"
轻客,蒙派克E,"('7.46', '10.85')"
轻客,风景G7,"('7.16', '10.66')"
轻客,金杯快运,"('6.99', '9.63')"
轻客,星锐,"('10.97', '21.78')"
轻客,风景G9,"('9.98', '19.00')"
轻客,御风,"('10.38', '28.58')"
轻客,海狮S,"('5.08', '6.38')"
轻客,凌特,"('37.60', '49.30')"
轻客,金杯大海狮,"('9.48', '25.28')"
轻客,依维柯褒迪,"('14.39', '32.49')"
轻客,风景G5,"('7.47', '15.39')"
轻客,金旅海狮,"('7.08', '10.78')"
轻客,柯斯达,"('41.84', '55.89')"
轻客,北汽幻速H6,"('5.98', '7.53')"
轻客,睿行EM80,"('13.58', '13.98')"
轻客,九龙A4,"('12.18', '17.88')"
轻客,宇通CL6,"('27.98', '27.98')"
轻客,金威,"('6.75', '9.58')"
轻客,依维柯Ouba,"('27.57', '34.69')"
轻客,HIACE,"('42.00', '42.00')"
轻客,凯锐浩克,"('7.58', '18.80')"
轻客,凯歌,"('17.70', '18.90')"
轻客,凯特,"('13.88', '25.00')"
轻客,宇通T7,"('38.80', '78.80')"
轻客,福田风景,暂无报价
轻客,东风比克W101,"('22.96', '22.96')"
轻客,蒙派克S,"('13.90', '16.70')"
轻客,开沃D10,"('14.88', '16.88')"
轻客,九龙A5,"('14.78', '21.60')"
轻客,海格H5C,"('16.53', '24.68')"
轻客,御风EV,"('18.80', '48.00')"
轻客,海格H7V,"('20.88', '20.88')"
轻客,特顺新能源,"('20.60', '24.68')"
轻客,考斯特,"('23.98', '25.98')"
轻客,上汽大通MAXUS RV80,"('31.68', '45.98')"
轻客,海格H6C,"('18.98', '22.13')"
轻客,图雅诺EV,"('26.47', '29.72')"
轻客,海格H5V,"('21.08', '29.28')"
轻客,康恩迪,"('39.60', '49.00')"
轻客,金杯海狮王,"('8.49', '11.59')"
轻客,金旅大海狮新能源,"('75.00', '75.00')"
轻客,开沃D09,暂无报价
轻客,瑞途,"('10.28', '11.18')"
轻客,开沃D11,"('24.98', '24.98')"
轻客,金旅海狮新能源,"('9.28', '15.98')"
轻客,威麟H5,"('20.68', '22.68')"
轻客,上汽大通MAXUS EV90,"('21.90', '33.90')"
轻客,海格H6V,"('70.80', '70.80')"
轻客,瑞途新能源,"('25.98', '25.98')"
轻客,金旅大海狮,"('16.68', '22.88')"
轻客,经典全顺,暂无报价
轻客,碧莲,"('79.80', '126.80')"
